-- phpMyAdmin SQL Dump
-- version 4.7.0
-- https://www.phpmyadmin.net/
--
-- Host: localhost
-- Generation Time: Dec 09, 2017 at 01:53 PM
-- Server version: 10.1.25-MariaDB
-- PHP Version: 5.6.31

SET SQL_MODE = "NO_AUTO_VALUE_ON_ZERO";
SET AUTOCOMMIT = 0;
START TRANSACTION;
SET time_zone = "+00:00";


/*!40101 SET @OLD_CHARACTER_SET_CLIENT=@@CHARACTER_SET_CLIENT */;
/*!40101 SET @OLD_CHARACTER_SET_RESULTS=@@CHARACTER_SET_RESULTS */;
/*!40101 SET @OLD_COLLATION_CONNECTION=@@COLLATION_CONNECTION */;
/*!40101 SET NAMES utf8mb4 */;

--
-- Database: `TRAINLY`
--

--
-- Dumping data for table `User`
--

INSERT INTO `User` (`UserId`, `Email`, `FirstName`, `LastName`, `Password`, `Salt`, `Phone`, `ProfilePic`, `Street`, `City`, `PostalCode`, `Country`) VALUES(103, 'mtures0@facebook.com', 'Marabel', 'Tures', '$2a$12$m4yOxEeZsoEV.YVZXbTO/eHrlHFUgLB6G48vpuTCw/4vbF.5BQlem', '$2a$12$m4yOxEeZsoEV.YVZXbTO/e', '856-765-2890', 'http://dummyimage.com/199x247.jpg/dddddd/000000', '198 Clove Circle', 'Krajan Satu', '', '');
INSERT INTO `User` (`UserId`, `Email`, `FirstName`, `LastName`, `Password`, `Salt`, `Phone`, `ProfilePic`, `Street`, `City`, `PostalCode`, `Country`) VALUES(104, 'eabelov1@wikispaces.com', 'Eal', 'Abelov', '$2a$12$.VJ/qd8yztGdo7z3Wd1FveGKVby0cHZD/rO7qbu7GKPXbbFbbScYa', '$2a$12$.VJ/qd8yztGdo7z3Wd1Fve', '836-875-8935', 'http://dummyimage.com/164x193.jpg/cc0000/ffffff', '53 Stoughton Terrace', 'Baiyin', '', 'China');
INSERT INTO `User` (`UserId`, `Email`, `FirstName`, `LastName`, `Password`, `Salt`, `Phone`, `ProfilePic`, `Street`, `City`, `PostalCode`, `Country`) VALUES(105, 'joldcroft2@accuweather.com', 'Jard', 'Oldcroft', '$2a$12$Gljelj4hJgw5GxGByFFQJujRneWXRX1flL0Dvdh7vZF.W4cuAnzWq', '$2a$12$Gljelj4hJgw5GxGByFFQJu', '853-206-8264', 'http://dummyimage.com/228x106.jpg/cc0000/ffffff', '17644 Hermina Point', 'Ikhtiman', '2049', '');
INSERT INTO `User` (`UserId`, `Email`, `FirstName`, `LastName`, `Password`, `Salt`, `Phone`, `ProfilePic`, `Street`, `City`, `PostalCode`, `Country`) VALUES(106, 'tgherarducci3@globo.com', 'Tove', 'Gherarducci', '$2a$12$7HMx7mMiSrKjEeTA2Nm2NuqF73iGJZvabKTNsVLCshqR56RDq20vq', '$2a$12$7HMx7mMiSrKjEeTA2Nm2Nu', '279-808-6858', 'http://dummyimage.com/150x221.jpg/dddddd/000000', '7935 Kipling Center', 'Tamamura', '379-2147', 'Japan');
INSERT INTO `User` (`UserId`, `Email`, `FirstName`, `LastName`, `Password`, `Salt`, `Phone`, `ProfilePic`, `Street`, `City`, `PostalCode`, `Country`) VALUES(107, 'phasely4@reddit.com', 'Port', 'Hasely', '$2a$12$MnVYsQGczCsWlp9KLvSNCOZPNvzfZRiMF8Mh1wep7HM2ta2w1j0Pi', '$2a$12$MnVYsQGczCsWlp9KLvSNCO', '728-670-3286', 'http://dummyimage.com/121x221.jpg/cc0000/ffffff', '4573 Florence Lane', 'Joutsa', '19651', 'Finland');
INSERT INTO `User` (`UserId`, `Email`, `FirstName`, `LastName`, `Password`, `Salt`, `Phone`, `ProfilePic`, `Street`, `City`, `PostalCode`, `Country`) VALUES(108, 'dphettiplace5@twitter.com', 'Dyanne', 'Phettiplace', '$2a$12$ZXu8ZIfIJUwKO8pYLM3jdu8gPKqRyOOf718nPfCr.neXAy3J/PBja', '$2a$12$ZXu8ZIfIJUwKO8pYLM3jdu', '649-378-6024', 'http://dummyimage.com/166x219.jpg/ff4444/ffffff', '27260 Grover Parkway', 'Tanjungpecinan Utara', '', '');
INSERT INTO `User` (`UserId`, `Email`, `FirstName`, `LastName`, `Password`, `Salt`, `Phone`, `ProfilePic`, `Street`, `City`, `PostalCode`, `Country`) VALUES(109, 'kvasenkov6@nifty.com', 'Kincaid', 'Vasenkov', '$2a$12$3BhBdqNK7b47S37xZbLzeOnRlCOEg2wdZ7exHS65XDGDYXVy1.wDi', '$2a$12$3BhBdqNK7b47S37xZbLzeO', '931-502-4657', 'http://dummyimage.com/111x170.jpg/cc0000/ffffff', '17200 Emmet Parkway', 'Seidu', '', 'Sierra Leone');
INSERT INTO `User` (`UserId`, `Email`, `FirstName`, `LastName`, `Password`, `Salt`, `Phone`, `ProfilePic`, `Street`, `City`, `PostalCode`, `Country`) VALUES(110, 'sdrable7@mozilla.org', 'Suzi', 'Drable', '$2a$12$EbVsPLy3TFwLU.3RZa2V/Oxyo1wrBktNcUReeZMY5YDeeVNp/kMme', '$2a$12$EbVsPLy3TFwLU.3RZa2V/O', '285-608-4006', 'http://dummyimage.com/124x244.jpg/dddddd/000000', '48 Jenna Lane', 'Kayl', 'L-3676', 'Luxembourg');
INSERT INTO `User` (`UserId`, `Email`, `FirstName`, `LastName`, `Password`, `Salt`, `Phone`, `ProfilePic`, `Street`, `City`, `PostalCode`, `Country`) VALUES(111, 'htompkins8@engadget.com', 'Hakim', 'Tompkins', '$2a$12$zpI11eRKQfIDeAQJWqLaM.nQL/nSLRUpZgiwjGPY2qxODQSBYOwEK', '$2a$12$zpI11eRKQfIDeAQJWqLaM.', '227-641-8607', 'http://dummyimage.com/101x109.jpg/5fa2dd/ffffff', '39 Summit Park', 'Budrus', '', 'Palestinian Territory');
INSERT INTO `User` (`UserId`, `Email`, `FirstName`, `LastName`, `Password`, `Salt`, `Phone`, `ProfilePic`, `Street`, `City`, `PostalCode`, `Country`) VALUES(112, 'chrus9@sun.com', 'Calla', 'Hrus', '$2a$12$Mm1HCAwTSjeEaLXo6UnK8.Ec/oCXXbNH6c7W3fVtdSF7d2GTj3n/G', '$2a$12$Mm1HCAwTSjeEaLXo6UnK8.', '', 'http://dummyimage.com/102x162.jpg/dddddd/000000', '0 Mccormick Parkway', 'Panambi', '98280-000', 'Brazil');
INSERT INTO `User` (`UserId`, `Email`, `FirstName`, `LastName`, `Password`, `Salt`, `Phone`, `ProfilePic`, `Street`, `City`, `PostalCode`, `Country`) VALUES(113, 'mhulatta@liveinternet.ru', 'Matthus', 'Hulatt', '$2a$12$u1Px0ih7oLv9k063r6OtH.qaEK1GzRBgQlRp24h2.hAK2/UVbCNom', '$2a$12$u1Px0ih7oLv9k063r6OtH.', '', 'http://dummyimage.com/234x236.jpg/dddddd/000000', '3914 Brown Alley', 'Otllak', '', 'Albania');
INSERT INTO `User` (`UserId`, `Email`, `FirstName`, `LastName`, `Password`, `Salt`, `Phone`, `ProfilePic`, `Street`, `City`, `PostalCode`, `Country`) VALUES(114, 'chookesb@state.tx.us', 'Crin', 'Hookes', '$2a$12$JeIXtFshmFUzm7SEQowpK.9aU/OriHVHe63.OCkadi/VutpUz/iwi', '$2a$12$JeIXtFshmFUzm7SEQowpK.', '', 'http://dummyimage.com/159x117.jpg/dddddd/000000', '41 Cascade Crossing', 'Puerto Barrios', '18001', 'Guatemala');
INSERT INTO `User` (`UserId`, `Email`, `FirstName`, `LastName`, `Password`, `Salt`, `Phone`, `ProfilePic`, `Street`, `City`, `PostalCode`, `Country`) VALUES(115, 'epuryc@china.com.cn', 'Ellswerth', 'Pury', '$2a$12$y2Mweaf38IOlQsruBEcqnepQGTNaH8PN7Ax8L2ypr5m3klUxm9/fm', '$2a$12$y2Mweaf38IOlQsruBEcqne', '', 'http://dummyimage.com/150x114.jpg/cc0000/ffffff', '2169 Ronald Regan Road', 'Ambovombe', '', 'Madagascar');
INSERT INTO `User` (`UserId`, `Email`, `FirstName`, `LastName`, `Password`, `Salt`, `Phone`, `ProfilePic`, `Street`, `City`, `PostalCode`, `Country`) VALUES(116, 'mboreld@arstechnica.com', 'Miguel', 'Borel', '$2a$12$7lMrFXnPSAkNMF/S1v.Ehe3pQCV/YrYYazb1r2qG5JqObOaw9.nJK', '$2a$12$7lMrFXnPSAkNMF/S1v.Ehe', '855-508-0363', 'http://dummyimage.com/227x142.jpg/cc0000/ffffff', '01036 Ramsey Junction', 'Santol', '2516', 'Philippines');
INSERT INTO `User` (`UserId`, `Email`, `FirstName`, `LastName`, `Password`, `Salt`, `Phone`, `ProfilePic`, `Street`, `City`, `PostalCode`, `Country`) VALUES(117, 'msecombee@princeton.edu', 'Maudie', 'Secombe', '$2a$12$uBhH7v4NOzhkf57nYXO7negXW.R6cMgzSSUZgUm4Q2LTJ9piGkZRu', '$2a$12$uBhH7v4NOzhkf57nYXO7ne', '', 'http://dummyimage.com/182x193.jpg/cc0000/ffffff', '23194 Old Gate Avenue', 'Vrede', '9850', 'South Africa');
INSERT INTO `User` (`UserId`, `Email`, `FirstName`, `LastName`, `Password`, `Salt`, `Phone`, `ProfilePic`, `Street`, `City`, `PostalCode`, `Country`) VALUES(118, 'gandref@irs.gov', 'Goldie', 'Andre', '$2a$12$GF.iVc3VnSDuPc3rBWavsOWS.d2KpCzJicgIZPC5FoqAzEf0UXQWS', '$2a$12$GF.iVc3VnSDuPc3rBWavsO', '', 'http://dummyimage.com/198x180.jpg/cc0000/ffffff', '178 Waxwing Circle', 'Sedlice', '503 27', 'Czech Republic');
INSERT INTO `User` (`UserId`, `Email`, `FirstName`, `LastName`, `Password`, `Salt`, `Phone`, `ProfilePic`, `Street`, `City`, `PostalCode`, `Country`) VALUES(119, 'cpidgeng@cisco.com', 'Claudianus', 'Pidgen', '$2a$12$Udl4k.GWpc9RMqs216UND.xQ8YYhcxvwXBOn8a9d9e2Mlybd8QXty', '$2a$12$Udl4k.GWpc9RMqs216UND.', '786-279-3693', 'http://dummyimage.com/119x208.jpg/ff4444/ffffff', '4 Birchwood Center', 'Xiaolin', '', 'China');
INSERT INTO `User` (`UserId`, `Email`, `FirstName`, `LastName`, `Password`, `Salt`, `Phone`, `ProfilePic`, `Street`, `City`, `PostalCode`, `Country`) VALUES(120, 'cbenediktovichh@ibm.com', 'Cale', 'Benediktovich', '$2a$12$O3wYDpecgsrT9KyxbonWV.5l2SiIny37xVENYe9BIuMZJJC2tXkwy', '$2a$12$O3wYDpecgsrT9KyxbonWV.', '940-405-1568', 'http://dummyimage.com/127x156.jpg/cc0000/ffffff', '9739 Thompson Hill', 'Kafir Qala', '', 'Afghanistan');
INSERT INTO `User` (`UserId`, `Email`, `FirstName`, `LastName`, `Password`, `Salt`, `Phone`, `ProfilePic`, `Street`, `City`, `PostalCode`, `Country`) VALUES(121, 'rvannahi@gnu.org', 'Ryann', 'Vannah', '$2a$12$515Ea5l0b8KesqFNLNsZ9e7TZPxeNbJmLhVIO5Mh0VT87/7A5QxCm', '$2a$12$515Ea5l0b8KesqFNLNsZ9e', '749-402-8354', 'http://dummyimage.com/217x229.jpg/cc0000/ffffff', '57945 Dexter Lane', 'Due??as', '5040', 'Philippines');
INSERT INTO `User` (`UserId`, `Email`, `FirstName`, `LastName`, `Password`, `Salt`, `Phone`, `ProfilePic`, `Street`, `City`, `PostalCode`, `Country`) VALUES(122, 'athreadgillj@sbwire.com', 'Aloise', 'Threadgill', '$2a$12$CrNfdtZRj3xGFKB2ocIvguh0iAzJMj/MkP.A.bujDCvZhCej0S0ke', '$2a$12$CrNfdtZRj3xGFKB2ocIvgu', '', 'http://dummyimage.com/123x124.jpg/ff4444/ffffff', '24 Browning Center', 'Toupi', '', '');
INSERT INTO `User` (`UserId`, `Email`, `FirstName`, `LastName`, `Password`, `Salt`, `Phone`, `ProfilePic`, `Street`, `City`, `PostalCode`, `Country`) VALUES(123, 'mdomelk@is.gd', 'Maximilien', 'Domel', '$2a$12$/3VtIpPx0MWLHQCxUxV6Dud4jNtGpxjx4vLAh7yWwLa57OwibXVCW', '$2a$12$/3VtIpPx0MWLHQCxUxV6Du', '476-706-7402', 'http://dummyimage.com/161x202.jpg/cc0000/ffffff', '41439 Almo Street', 'Maralik', '', 'Armenia');
INSERT INTO `User` (`UserId`, `Email`, `FirstName`, `LastName`, `Password`, `Salt`, `Phone`, `ProfilePic`, `Street`, `City`, `PostalCode`, `Country`) VALUES(124, 'tpittendreighl@state.gov', 'Trula', 'Pittendreigh', '$2a$12$DUxg8VqVvzJf6DhX02CIWOoklm07Aaq7SQs.KASqEYhbrEdBfK1HS', '$2a$12$DUxg8VqVvzJf6DhX02CIWO', '', 'http://dummyimage.com/229x199.jpg/ff4444/ffffff', '16828 Sunnyside Junction', 'Innisfil', 'L9S', 'Canada');
INSERT INTO `User` (`UserId`, `Email`, `FirstName`, `LastName`, `Password`, `Salt`, `Phone`, `ProfilePic`, `Street`, `City`, `PostalCode`, `Country`) VALUES(125, 'rtunneym@ebay.com', 'Regen', 'Tunney', '$2a$12$315cUwvMyos64HgaCpKhq.Eov2k6MlCWSWBKU/RvslPOHLIwGmS4i', '$2a$12$315cUwvMyos64HgaCpKhq.', '', 'http://dummyimage.com/133x206.jpg/dddddd/000000', '95328 Jenna Trail', 'Quint??o', '4750-771', '');
INSERT INTO `User` (`UserId`, `Email`, `FirstName`, `LastName`, `Password`, `Salt`, `Phone`, `ProfilePic`, `Street`, `City`, `PostalCode`, `Country`) VALUES(126, 'srolinsonn@nifty.com', 'Salem', 'Rolinson', '$2a$12$uxKh/c.jU.T3vv8AVXBee.X2HItpc/0y4Nnc1lysdSMHcVB2fS8dG', '$2a$12$uxKh/c.jU.T3vv8AVXBee.', '646-127-1132', 'http://dummyimage.com/121x124.jpg/dddddd/000000', '793 Di Loreto Terrace', 'Foxrock', 'D04', 'Ireland');
INSERT INTO `User` (`UserId`, `Email`, `FirstName`, `LastName`, `Password`, `Salt`, `Phone`, `ProfilePic`, `Street`, `City`, `PostalCode`, `Country`) VALUES(127, 'eeldrido@ycombinator.com', 'Engracia', 'Eldrid', '$2a$12$.xiw3v8gEV9xHXcw2m2K7u.n2gg9MpBbOxXw5CWJtOTDd3JvfG3UG', '$2a$12$.xiw3v8gEV9xHXcw2m2K7u', '502-380-2088', 'http://dummyimage.com/156x184.jpg/5fa2dd/ffffff', '6104 Division Center', 'Yuanqiao', '', 'China');
INSERT INTO `User` (`UserId`, `Email`, `FirstName`, `LastName`, `Password`, `Salt`, `Phone`, `ProfilePic`, `Street`, `City`, `PostalCode`, `Country`) VALUES(128, 'azanuttip@usatoday.com', 'Ash', 'Zanutti', '$2a$12$ovC7RO2HBsx6lus0nK2rRuM.4Qw81VuBZGVpVAygPZvGLb3F6ePSy', '$2a$12$ovC7RO2HBsx6lus0nK2rRu', '', 'http://dummyimage.com/151x142.jpg/cc0000/ffffff', '56 Holy Cross Place', 'Kedatuan', '', 'Indonesia');
INSERT INTO `User` (`UserId`, `Email`, `FirstName`, `LastName`, `Password`, `Salt`, `Phone`, `ProfilePic`, `Street`, `City`, `PostalCode`, `Country`) VALUES(129, 'blatchq@studiopress.com', 'Brigit', 'Latch', '$2a$12$eu3gziSuG8meXfshQVKBPO2E17J2O8HHBJi6L3xWc34lrEZRxBzWe', '$2a$12$eu3gziSuG8meXfshQVKBPO', '', 'http://dummyimage.com/176x161.jpg/dddddd/000000', '61 Pearson Road', 'Z??kupy', '471 23', 'Czech Republic');
INSERT INTO `User` (`UserId`, `Email`, `FirstName`, `LastName`, `Password`, `Salt`, `Phone`, `ProfilePic`, `Street`, `City`, `PostalCode`, `Country`) VALUES(130, 'tthirskr@nytimes.com', 'Theobald', 'Thirsk', '$2a$12$e4u8biV1JbmsRHdiv6p9WOBoOi6IlCCoLXp1sZ2JVr6XJDb8jW5tm', '$2a$12$e4u8biV1JbmsRHdiv6p9WO', '717-499-2078', 'http://dummyimage.com/157x232.jpg/ff4444/ffffff', '2 Hansons Way', 'Shimen', '', 'China');
INSERT INTO `User` (`UserId`, `Email`, `FirstName`, `LastName`, `Password`, `Salt`, `Phone`, `ProfilePic`, `Street`, `City`, `PostalCode`, `Country`) VALUES(131, 'nlimons@cmu.edu', 'Nev', 'Limon', '$2a$12$DMq6IvU3M5usyQOA3b7dGeKx2CQeusVRnDCieZoNFx.XBQzcd9iIi', '$2a$12$DMq6IvU3M5usyQOA3b7dGe', '271-353-4571', 'http://dummyimage.com/220x241.jpg/cc0000/ffffff', '24549 Crest Line Court', 'Szyd??owo', '64-930', 'Poland');
INSERT INTO `User` (`UserId`, `Email`, `FirstName`, `LastName`, `Password`, `Salt`, `Phone`, `ProfilePic`, `Street`, `City`, `PostalCode`, `Country`) VALUES(132, 'raronowt@unblog.fr', 'Robbie', 'Aronow', '$2a$12$WcYl0ko/u10U4/bvaImMiOSzFH4gmWWOsYnFMLdkbP/FJb..GfQ.u', '$2a$12$WcYl0ko/u10U4/bvaImMiO', '835-304-1033', 'http://dummyimage.com/181x188.jpg/cc0000/ffffff', '31261 Basil Crossing', 'Thanh Ch????ng', '', 'Vietnam');
INSERT INTO `User` (`UserId`, `Email`, `FirstName`, `LastName`, `Password`, `Salt`, `Phone`, `ProfilePic`, `Street`, `City`, `PostalCode`, `Country`) VALUES(133, 'hlammertu@eventbrite.com', 'Harv', 'Lammert', '$2a$12$Dzy6V.gj.fHIVQIf6RNl8egEmteltkkzMydkCj/YLXpoYTWp.h1JW', '$2a$12$Dzy6V.gj.fHIVQIf6RNl8e', '482-442-0081', 'http://dummyimage.com/225x182.jpg/ff4444/ffffff', '7 Graceland Alley', 'Shuixi', '', 'China');
INSERT INTO `User` (`UserId`, `Email`, `FirstName`, `LastName`, `Password`, `Salt`, `Phone`, `ProfilePic`, `Street`, `City`, `PostalCode`, `Country`) VALUES(134, 'lmcvityv@godaddy.com', 'Lucila', 'McVity', '$2a$12$ZwtLn5TJLQdrAPZBSZ460OXskcvm7CET93Ke9omlsQGBp39cU99K.', '$2a$12$ZwtLn5TJLQdrAPZBSZ460O', '805-253-6198', 'http://dummyimage.com/213x189.jpg/ff4444/ffffff', '0639 Arizona Junction', 'Bakersfield', '93311', 'United States');
INSERT INTO `User` (`UserId`, `Email`, `FirstName`, `LastName`, `Password`, `Salt`, `Phone`, `ProfilePic`, `Street`, `City`, `PostalCode`, `Country`) VALUES(135, 'rbevarw@indiegogo.com', 'Raimund', 'Bevar', '$2a$12$cKq4Q2vQ9Qan51tOEgB06eLit6Z2MTxIlU3UYKM1ygMzVkpBAEeP.', '$2a$12$cKq4Q2vQ9Qan51tOEgB06e', '', 'http://dummyimage.com/145x110.jpg/cc0000/ffffff', '61202 2nd Pass', 'Smederevo', '', 'Serbia');
INSERT INTO `User` (`UserId`, `Email`, `FirstName`, `LastName`, `Password`, `Salt`, `Phone`, `ProfilePic`, `Street`, `City`, `PostalCode`, `Country`) VALUES(136, 'eantoniettix@a8.net', 'Emanuele', 'Antonietti', '$2a$12$MHyLxsz.I1bBMDyzqogIOOFN8jVuKGtk9urwv2iABdC.R/vnuJdjK', '$2a$12$MHyLxsz.I1bBMDyzqogIOO', '841-813-1426', 'http://dummyimage.com/246x232.jpg/cc0000/ffffff', '20412 Hayes Place', 'Katsuta', '927-2162', 'Japan');
INSERT INTO `User` (`UserId`, `Email`, `FirstName`, `LastName`, `Password`, `Salt`, `Phone`, `ProfilePic`, `Street`, `City`, `PostalCode`, `Country`) VALUES(137, 'hkincadey@deliciousdays.com', 'Haily', 'Kincade', '$2a$12$XrrqRW5UBDV0OlKCEoNlVOtRkW4Ui.1EyR4v.neWXz0wZKvLyB/uq', '$2a$12$XrrqRW5UBDV0OlKCEoNlVO', '995-731-6444', 'http://dummyimage.com/168x148.jpg/5fa2dd/ffffff', '86 Erie Point', 'Blois', '41976 CEDE', 'France');
INSERT INTO `User` (`UserId`, `Email`, `FirstName`, `LastName`, `Password`, `Salt`, `Phone`, `ProfilePic`, `Street`, `City`, `PostalCode`, `Country`) VALUES(138, 'lsydez@so-net.ne.jp', 'Lorita', 'Syde', '$2a$12$o/uBd8S4KTHs48UN/PnygeHRsLdc7BcPeT.AWPHs/y4Q8wbUBBkm6', '$2a$12$o/uBd8S4KTHs48UN/Pnyge', '957-261-2793', 'http://dummyimage.com/161x177.jpg/ff4444/ffffff', '8 Oxford Alley', 'Sigli', '', 'Indonesia');
INSERT INTO `User` (`UserId`, `Email`, `FirstName`, `LastName`, `Password`, `Salt`, `Phone`, `ProfilePic`, `Street`, `City`, `PostalCode`, `Country`) VALUES(139, 'rsollis10@nps.gov', 'Robbie', 'Sollis', '$2a$12$wWsKt6lxYv/CjKMHLJ6oAud8NPYSErH7xL5/.Bu4c8t4tDd4Z2jrq', '$2a$12$wWsKt6lxYv/CjKMHLJ6oAu', '289-481-6135', 'http://dummyimage.com/125x231.jpg/cc0000/ffffff', '83 Anderson Crossing', 'Alannay', '3524', 'Philippines');
INSERT INTO `User` (`UserId`, `Email`, `FirstName`, `LastName`, `Password`, `Salt`, `Phone`, `ProfilePic`, `Street`, `City`, `PostalCode`, `Country`) VALUES(140, 'pmcsperrin11@cnet.com', 'Peadar', 'McSperrin', '$2a$12$dk..b9LLpQWZLpgJjjUxgewAXVdSxNWpklig/FCQG3eyNBsYnYsoq', '$2a$12$dk..b9LLpQWZLpgJjjUxge', '107-239-8537', 'http://dummyimage.com/136x246.jpg/ff4444/ffffff', '56 Butternut Alley', 'Guanxi', '', 'China');
INSERT INTO `User` (`UserId`, `Email`, `FirstName`, `LastName`, `Password`, `Salt`, `Phone`, `ProfilePic`, `Street`, `City`, `PostalCode`, `Country`) VALUES(141, 'rhundy12@goo.ne.jp', 'Rakel', 'Hundy', '$2a$12$Pk5VBjA1/yzvxpaRp7F9d.RP9l/WCX.ydoiTnJSwrhsp6CutMRi32', '$2a$12$Pk5VBjA1/yzvxpaRp7F9d.', '194-756-4446', 'http://dummyimage.com/195x213.jpg/cc0000/ffffff', '82812 Hovde Park', '??omazy', '21-532', 'Poland');
INSERT INTO `User` (`UserId`, `Email`, `FirstName`, `LastName`, `Password`, `Salt`, `Phone`, `ProfilePic`, `Street`, `City`, `PostalCode`, `Country`) VALUES(142, 'iasbury13@gmpg.org', 'Ivan', 'Asbury', '$2a$12$pwiiKI6Xb.bK2GmQhobDiuBvdo9sCAUdUoYBjjMd6XeCgx7F3uUYq', '$2a$12$pwiiKI6Xb.bK2GmQhobDiu', '640-199-8332', 'http://dummyimage.com/250x123.jpg/dddddd/000000', '77 Marquette Plaza', 'Litv?_novice', '370 01', 'Czech Republic');
INSERT INTO `User` (`UserId`, `Email`, `FirstName`, `LastName`, `Password`, `Salt`, `Phone`, `ProfilePic`, `Street`, `City`, `PostalCode`, `Country`) VALUES(143, 'tduell14@sciencedaily.com', 'Tomas', 'Duell', '$2a$12$cJy8GfnNl50r3/kZavNY5uxiTH/AWh313c0uf2WnroXSYybzmHZqq', '$2a$12$cJy8GfnNl50r3/kZavNY5u', '653-499-8227', 'http://dummyimage.com/175x101.jpg/5fa2dd/ffffff', '0241 Dunning Way', 'Ageoshimo', '362-0025', 'Japan');
INSERT INTO `User` (`UserId`, `Email`, `FirstName`, `LastName`, `Password`, `Salt`, `Phone`, `ProfilePic`, `Street`, `City`, `PostalCode`, `Country`) VALUES(144, 'dbrach15@linkedin.com', 'Dona', 'Brach', '$2a$12$itc/s4ig4k5e9W9Dsbi/quPdXu5G6yP8Tyg01P3gK/3BnTui5yFEa', '$2a$12$itc/s4ig4k5e9W9Dsbi/qu', '812-603-1639', 'http://dummyimage.com/201x140.jpg/dddddd/000000', '980 Lillian Trail', 'Uppsala', '752 42', 'Sweden');
INSERT INTO `User` (`UserId`, `Email`, `FirstName`, `LastName`, `Password`, `Salt`, `Phone`, `ProfilePic`, `Street`, `City`, `PostalCode`, `Country`) VALUES(145, 'cghirigori16@dailymotion.com', 'Corey', 'Ghirigori', '$2a$12$akwNiIoW1DsHR52.zKrFlOoujauqAgJWFkpCXZCIkDbmM1.iYcl/S', '$2a$12$akwNiIoW1DsHR52.zKrFlO', '277-106-9813', 'http://dummyimage.com/110x165.jpg/ff4444/ffffff', '1 Buell Circle', 'Shuangjie', '', 'China');
INSERT INTO `User` (`UserId`, `Email`, `FirstName`, `LastName`, `Password`, `Salt`, `Phone`, `ProfilePic`, `Street`, `City`, `PostalCode`, `Country`) VALUES(146, 'kfawdry17@theguardian.com', 'Kelsey', 'Fawdry', '$2a$12$4S7psJtoHGXYVLSdny.Ee./u3s1Il.nYoEzJmbh9LLymW6cVtgTzm', '$2a$12$4S7psJtoHGXYVLSdny.Ee.', '112-286-6444', 'http://dummyimage.com/115x242.jpg/dddddd/000000', '82 Rigney Center', 'Pinhal General', '2865-193', 'Portugal');
INSERT INTO `User` (`UserId`, `Email`, `FirstName`, `LastName`, `Password`, `Salt`, `Phone`, `ProfilePic`, `Street`, `City`, `PostalCode`, `Country`) VALUES(147, 'cleathley18@hp.com', 'Calhoun', 'Leathley', '$2a$12$PB.j.S0Rr5mNFqc5BYGsSe8sXXiJ1kBBJ7hVMtqftg.Ep2H75HbWC', '$2a$12$PB.j.S0Rr5mNFqc5BYGsSe', '', 'http://dummyimage.com/226x133.jpg/5fa2dd/ffffff', '59 Heath Alley', 'Sakchu-?_p', '', 'North Korea');
INSERT INTO `User` (`UserId`, `Email`, `FirstName`, `LastName`, `Password`, `Salt`, `Phone`, `ProfilePic`, `Street`, `City`, `PostalCode`, `Country`) VALUES(148, 'utooze19@mail.ru', 'Uriah', 'Tooze', '$2a$12$c3I/DC4DD4a4STPFvy6IgOvZDNK5mNEHlwkxodzUhO99V7OlITcMe', '$2a$12$c3I/DC4DD4a4STPFvy6IgO', '978-392-2826', 'http://dummyimage.com/189x226.jpg/cc0000/ffffff', '59807 Fairfield Road', 'Khanabad', '', 'Afghanistan');
INSERT INTO `User` (`UserId`, `Email`, `FirstName`, `LastName`, `Password`, `Salt`, `Phone`, `ProfilePic`, `Street`, `City`, `PostalCode`, `Country`) VALUES(149, 'pstalman1a@livejournal.com', 'Pansie', 'Stalman', '$2a$12$i8bTzBzroLOZnIwTLZWcoeopin3agKAPqHOL1iqF/1WkX/V5nhhJ6', '$2a$12$i8bTzBzroLOZnIwTLZWcoe', '554-877-7326', 'http://dummyimage.com/209x118.jpg/cc0000/ffffff', '941 Transport Street', 'Richards Bay', '3904', 'South Africa');
INSERT INTO `User` (`UserId`, `Email`, `FirstName`, `LastName`, `Password`, `Salt`, `Phone`, `ProfilePic`, `Street`, `City`, `PostalCode`, `Country`) VALUES(150, 'bwilliment1b@sbwire.com', 'Baxy', 'Williment', '$2a$12$kvTyRob98JNVzILCbmi.NeXvpCvAOUFcPY1xVwkjGC4I4byfyhjOK ', '$2a$12$kvTyRob98JNVzILCbmi.Ne', '', 'http://dummyimage.com/159x125.jpg/ff4444/ffffff', '6 Crownhardt Alley', 'Haguimit', '6117', 'Philippines');
INSERT INTO `User` (`UserId`, `Email`, `FirstName`, `LastName`, `Password`, `Salt`, `Phone`, `ProfilePic`, `Street`, `City`, `PostalCode`, `Country`) VALUES(151, 'jife1c@cdc.gov', 'Jada', 'Ife', '$2a$12$N2jcMgupDPdOrNQN8j29iOoI8TkVIwM.7.zA6nIZ7JoU24GLAOu5i', '$2a$12$N2jcMgupDPdOrNQN8j29iO', '231-693-9506', 'http://dummyimage.com/234x153.jpg/cc0000/ffffff', '56453 Nova Center', 'Mulhouse', '68064 CEDE', 'France');
INSERT INTO `User` (`UserId`, `Email`, `FirstName`, `LastName`, `Password`, `Salt`, `Phone`, `ProfilePic`, `Street`, `City`, `PostalCode`, `Country`) VALUES(152, 'amcmaster1d@sciencedirect.com', 'Ashil', 'McMaster', '$2a$12$hp3rBf8a7imKSI7XjffqseoDoVrGGSKOQbsBkvPXLdJ61gP1ddUku', '$2a$12$hp3rBf8a7imKSI7Xjffqse', '', 'http://dummyimage.com/149x135.jpg/cc0000/ffffff', '1 Schlimgen Park', 'Ngedhubasa', '', 'Indonesia');
INSERT INTO `User` (`UserId`, `Email`, `FirstName`, `LastName`, `Password`, `Salt`, `Phone`, `ProfilePic`, `Street`, `City`, `PostalCode`, `Country`) VALUES(153, 'espon1e@zdnet.com', 'Elwyn', 'Spon', '$2a$12$TJffDauZb.xwSu9ugqkoROUj8OqWkbuKm5v//xlO/Sm.GHtwVcTCW', '$2a$12$TJffDauZb.xwSu9ugqkoRO', '419-965-1181', 'http://dummyimage.com/205x243.jpg/cc0000/ffffff', '176 Rockefeller Center', 'Jembangan', '', 'Indonesia');
INSERT INTO `User` (`UserId`, `Email`, `FirstName`, `LastName`, `Password`, `Salt`, `Phone`, `ProfilePic`, `Street`, `City`, `PostalCode`, `Country`) VALUES(154, 'ssterke1f@usgs.gov', 'Sadye', 'Sterke', '$2a$12$Se/3qmwLoEiZGqzoTyndQuQOuHSD1SeQoMoqd6pIlmaStg056KziC', '$2a$12$Se/3qmwLoEiZGqzoTyndQu', '712-835-9856', 'http://dummyimage.com/246x145.jpg/cc0000/ffffff', '29 Monica Hill', 'Bokkos', '', 'Nigeria');
INSERT INTO `User` (`UserId`, `Email`, `FirstName`, `LastName`, `Password`, `Salt`, `Phone`, `ProfilePic`, `Street`, `City`, `PostalCode`, `Country`) VALUES(155, 'ctenbroek1g@yelp.com', 'Chelsey', 'Ten Broek', '$2a$12$hmaHOLtKLFjBx6eLcAmBLezX/frPSnnR.onLUvrjNQXIliig6kK4S', '$2a$12$hmaHOLtKLFjBx6eLcAmBLe', '453-773-5427', 'http://dummyimage.com/141x154.jpg/ff4444/ffffff', '13101 Harbort Terrace', 'Stockholm', '106 32', '');
INSERT INTO `User` (`UserId`, `Email`, `FirstName`, `LastName`, `Password`, `Salt`, `Phone`, `ProfilePic`, `Street`, `City`, `PostalCode`, `Country`) VALUES(156, 'dorringe1h@businessinsider.com', 'Dale', 'Orringe', '$2a$12$PTtJvta2edwLlvuaSt2NmeSWZaqKfl/TQm8NKWwFGbZFdyfS2JnIi', '$2a$12$PTtJvta2edwLlvuaSt2Nme', '673-713-9668', 'http://dummyimage.com/115x204.jpg/ff4444/ffffff', '7673 Anhalt Terrace', 'Jinghai', '', 'China');
INSERT INTO `User` (`UserId`, `Email`, `FirstName`, `LastName`, `Password`, `Salt`, `Phone`, `ProfilePic`, `Street`, `City`, `PostalCode`, `Country`) VALUES(157, 'amelsom1i@businessinsider.com', 'Arleen', 'Melsom', '$2a$12$zv7k2iTYPHHAUpzCiZOIWOUo.8DHlX9/umVTpkAp4sS1LpVii3Rv6', '$2a$12$zv7k2iTYPHHAUpzCiZOIWO', '480-612-5622', 'http://dummyimage.com/233x197.jpg/ff4444/ffffff', '7585 Arkansas Circle', 'Lije??nica', '', 'Bosnia and Herzegovina');
INSERT INTO `User` (`UserId`, `Email`, `FirstName`, `LastName`, `Password`, `Salt`, `Phone`, `ProfilePic`, `Street`, `City`, `PostalCode`, `Country`) VALUES(158, 'rsummersby1j@guardian.co.uk', 'Reider', 'Summersby', '$2a$12$BDglUle5y1u.jS7u.ac8feJUuzC9r2B4/B27FaPLG08.bz88W45T2', '$2a$12$BDglUle5y1u.jS7u.ac8fe', '925-713-0273', 'http://dummyimage.com/173x103.jpg/dddddd/000000', '5 Rowland Court', 'Albina', '', 'Suriname');
INSERT INTO `User` (`UserId`, `Email`, `FirstName`, `LastName`, `Password`, `Salt`, `Phone`, `ProfilePic`, `Street`, `City`, `PostalCode`, `Country`) VALUES(159, 'mdovey1k@hubpages.com', 'Meredith', 'Dovey', '$2a$12$PlrywS5cNm0alL0sVuJxEeg2IKdl6XxIhW/CJ8hGgXHUMjW53wTVy', '$2a$12$PlrywS5cNm0alL0sVuJxEe', '740-680-6569', 'http://dummyimage.com/135x125.jpg/ff4444/ffffff', '1558 8th Trail', 'Peishe', '', 'China');
INSERT INTO `User` (`UserId`, `Email`, `FirstName`, `LastName`, `Password`, `Salt`, `Phone`, `ProfilePic`, `Street`, `City`, `PostalCode`, `Country`) VALUES(160, 'fmoir1l@samsung.com', 'Fraze', 'Moir', '$2a$12$bxn0uDDw2bKmvbZ2IS6/neQR2ROyVIBGUfe7xBDNXVcBis5fsIT56', '$2a$12$bxn0uDDw2bKmvbZ2IS6/ne', '537-595-6451', 'http://dummyimage.com/158x203.jpg/dddddd/000000', '45 Susan Crossing', 'Talisayan', '9012', '');
INSERT INTO `User` (`UserId`, `Email`, `FirstName`, `LastName`, `Password`, `Salt`, `Phone`, `ProfilePic`, `Street`, `City`, `PostalCode`, `Country`) VALUES(161, 'hlugton1m@pinterest.com', 'Hansiain', 'Lugton', '$2a$12$ednqUe6F4caNax7VKB208.4obE9B5NMhhFBGY.0kGkzZ8EVDlUk5u', '$2a$12$ednqUe6F4caNax7VKB208.', '214-517-9893', 'http://dummyimage.com/141x250.jpg/dddddd/000000', '535 Towne Hill', 'Shaheying', '', 'China');
INSERT INTO `User` (`UserId`, `Email`, `FirstName`, `LastName`, `Password`, `Salt`, `Phone`, `ProfilePic`, `Street`, `City`, `PostalCode`, `Country`) VALUES(162, 'dopfer1n@blinklist.com', 'Dian', 'Opfer', '$2a$12$ZNcCK1ujaO0wLl5QdFcbzu/K4vBYc1Ur7SZ9p8lRDKEaXAOPGYOji', '$2a$12$ZNcCK1ujaO0wLl5QdFcbzu', '885-456-1997', 'http://dummyimage.com/130x213.jpg/5fa2dd/ffffff', '42 Scoville Pass', 'Qiancheng', '', 'China');
INSERT INTO `User` (`UserId`, `Email`, `FirstName`, `LastName`, `Password`, `Salt`, `Phone`, `ProfilePic`, `Street`, `City`, `PostalCode`, `Country`) VALUES(163, 'hsunner1o@prlog.org', 'Herminia', 'Sunner', '$2a$12$RJjnh3iR5ubvZpNaj0RNteJtO0CxWoiqPKCSA3iaJ3wYkR4SVdi82', '$2a$12$RJjnh3iR5ubvZpNaj0RNte', '305-601-9450', 'http://dummyimage.com/224x134.jpg/cc0000/ffffff', '3878 Dayton Junction', 'Kralupy nad Vltavou', '278 01', 'Czech Republic');
INSERT INTO `User` (`UserId`, `Email`, `FirstName`, `LastName`, `Password`, `Salt`, `Phone`, `ProfilePic`, `Street`, `City`, `PostalCode`, `Country`) VALUES(164, 'dolohan1p@sciencedaily.com', 'Daphene', 'Olohan', '$2a$12$eIowJaicvePZmIbXpXc86uS4QICeMiza8maF31IYHumXrRAFBAXB6', '$2a$12$eIowJaicvePZmIbXpXc86u', '283-254-2159', 'http://dummyimage.com/116x128.jpg/5fa2dd/ffffff', '8801 Eastlawn Park', 'Sarirejo Satu', '', 'Indonesia');
INSERT INTO `User` (`UserId`, `Email`, `FirstName`, `LastName`, `Password`, `Salt`, `Phone`, `ProfilePic`, `Street`, `City`, `PostalCode`, `Country`) VALUES(165, 'mbidewell1q@prnewswire.com', 'Mike', 'Bidewell', '$2a$12$aE.QX4CURfOxhoAniLia5u9FDig7f4W6D23XhHXq1cSCvHW1Auu4K', '$2a$12$aE.QX4CURfOxhoAniLia5u', '841-817-7465', 'http://dummyimage.com/208x144.jpg/cc0000/ffffff', '2504 Burning Wood Trail', 'Gal??tsi', '', 'Greece');
INSERT INTO `User` (`UserId`, `Email`, `FirstName`, `LastName`, `Password`, `Salt`, `Phone`, `ProfilePic`, `Street`, `City`, `PostalCode`, `Country`) VALUES(166, 'mcodeman1r@ibm.com', 'Meyer', 'Codeman', '$2a$12$HzzKdjpfWNbLSpUICco8LuSXOUnDMhYV8.E23UseIewSGt4AVs2EG', '$2a$12$HzzKdjpfWNbLSpUICco8Lu', '988-687-6537', 'http://dummyimage.com/194x237.jpg/cc0000/ffffff', '353 Shoshone Parkway', 'Taoyuan', '', 'China');
INSERT INTO `User` (`UserId`, `Email`, `FirstName`, `LastName`, `Password`, `Salt`, `Phone`, `ProfilePic`, `Street`, `City`, `PostalCode`, `Country`) VALUES(167, 'ding1s@google.de', 'Delinda', 'Ing', '$2a$12$eGBuUnBYTyzEGDIO/QRydOuNN5FHsVOEaVkOH7s/ws6NmuFeOuivu', '$2a$12$eGBuUnBYTyzEGDIO/QRydO', '423-771-0803', 'http://dummyimage.com/122x132.jpg/5fa2dd/ffffff', '3 Monterey Pass', 'Lengkeng', '', 'China');
INSERT INTO `User` (`UserId`, `Email`, `FirstName`, `LastName`, `Password`, `Salt`, `Phone`, `ProfilePic`, `Street`, `City`, `PostalCode`, `Country`) VALUES(168, 'mbirdall1t@ucoz.ru', 'Milicent', 'Birdall', '$2a$12$LRrv6uIsbatvEVsN2QXulubZPPujawUgNQzpnehswNlBiQtgc65ue', '$2a$12$LRrv6uIsbatvEVsN2QXulu', '955-202-8880', 'http://dummyimage.com/151x139.jpg/dddddd/000000', '56 Dwight Plaza', 'Jieshou', '', 'China');
INSERT INTO `User` (`UserId`, `Email`, `FirstName`, `LastName`, `Password`, `Salt`, `Phone`, `ProfilePic`, `Street`, `City`, `PostalCode`, `Country`) VALUES(169, 'zbestwerthick1u@google.com', 'Zonnya', 'Bestwerthick', '$2a$12$OVRXSyADxEKPBNQqtDY4HOIssYj10Jx1gitpt2vjPsIGMDlgYO0/6', '$2a$12$OVRXSyADxEKPBNQqtDY4HO', '754-950-7705', 'http://dummyimage.com/128x130.jpg/ff4444/ffffff', '31 Dorton Plaza', 'Lindome', '437 36', 'Sweden');
INSERT INTO `User` (`UserId`, `Email`, `FirstName`, `LastName`, `Password`, `Salt`, `Phone`, `ProfilePic`, `Street`, `City`, `PostalCode`, `Country`) VALUES(170, 'heynald1v@nih.gov', 'Herold', 'Eynald', '$2a$12$sooSfPpTK5kbrzJNUUQnY.0LP.MuG1EX/AUiMOq1S51AewDyJ071C', '$2a$12$sooSfPpTK5kbrzJNUUQnY.', '101-484-2687', 'http://dummyimage.com/114x161.jpg/dddddd/000000', '889 Killdeer Road', 'Konibodom', '', 'Tajikistan');
INSERT INTO `User` (`UserId`, `Email`, `FirstName`, `LastName`, `Password`, `Salt`, `Phone`, `ProfilePic`, `Street`, `City`, `PostalCode`, `Country`) VALUES(171, 'mflawith1w@fastcompany.com', 'Margarete', 'Flawith', '$2a$12$ajZ7P6OVT6BGs8Xp6E/GQuCSKiti/Jr.CZaGbPZN2g1rsZYx1s7Vu', '$2a$12$ajZ7P6OVT6BGs8Xp6E/GQu', '228-169-6309', 'http://dummyimage.com/159x182.jpg/dddddd/000000', '80 Golf Course Crossing', 'T?_o Pujio', '5936', 'Argentina');
INSERT INTO `User` (`UserId`, `Email`, `FirstName`, `LastName`, `Password`, `Salt`, `Phone`, `ProfilePic`, `Street`, `City`, `PostalCode`, `Country`) VALUES(172, 'kdiment1x@discovery.com', 'Kleon', 'Diment', '$2a$12$oEJMMCVqlC3pSsAQ31U11OHffG7r4Xra4FewIyehxiYY.OotloXYq', '$2a$12$oEJMMCVqlC3pSsAQ31U11O', '341-527-1682', 'http://dummyimage.com/178x173.jpg/dddddd/000000', '6 Vidon Circle', 'Stockholm', '103 04', 'Sweden');
INSERT INTO `User` (`UserId`, `Email`, `FirstName`, `LastName`, `Password`, `Salt`, `Phone`, `ProfilePic`, `Street`, `City`, `PostalCode`, `Country`) VALUES(173, 'rcamilletti1y@plala.or.jp', 'Row', 'Camilletti', '$2a$12$Ltla1sme5a.jL9YI/LF4rOcWR/otJgQOAJuuC5rge2HJMUGrfc/y6', '$2a$12$Ltla1sme5a.jL9YI/LF4rO', '344-174-7677', 'http://dummyimage.com/168x208.jpg/cc0000/ffffff', '343 Blackbird Way', 'Betioky', '', 'Madagascar');
INSERT INTO `User` (`UserId`, `Email`, `FirstName`, `LastName`, `Password`, `Salt`, `Phone`, `ProfilePic`, `Street`, `City`, `PostalCode`, `Country`) VALUES(174, 'dbillett1z@livejournal.com', 'Daryl', 'Billett', '$2a$12$Y5VKEm4pSmxJmKMOAtqzHe1Jp3QRy25cXIwl6djJeqWKqtVvo1i1q', '$2a$12$Y5VKEm4pSmxJmKMOAtqzHe', '153-188-2104', 'http://dummyimage.com/139x236.jpg/dddddd/000000', '5544 Schlimgen Avenue', 'Kolonia Town', '', 'Micronesia');
INSERT INTO `User` (`UserId`, `Email`, `FirstName`, `LastName`, `Password`, `Salt`, `Phone`, `ProfilePic`, `Street`, `City`, `PostalCode`, `Country`) VALUES(175, 'sstonestreet20@woothemes.com', 'Sheila', 'Stonestreet', '$2a$12$/mndZq0CZwrGd1dKp0MOwOcFRWcEhavV7PxlStBELgSRPPGnVp1lG', '$2a$12$/mndZq0CZwrGd1dKp0MOwO', '781-625-4764', 'http://dummyimage.com/135x237.jpg/dddddd/000000', '9 Moose Alley', 'San Juan del Surut?_', '', 'Bolivia');
INSERT INTO `User` (`UserId`, `Email`, `FirstName`, `LastName`, `Password`, `Salt`, `Phone`, `ProfilePic`, `Street`, `City`, `PostalCode`, `Country`) VALUES(176, 'salexsandrovich21@msn.com', 'Sky', 'Alexsandrovich', '$2a$12$PSNW7O37QwGDcSVlzp2lbe5XOs.u9JukVtwHrzUWTdp0xG1ArpYwS', '$2a$12$PSNW7O37QwGDcSVlzp2lbe', '331-590-2521', 'http://dummyimage.com/110x138.jpg/dddddd/000000', '852 Center Street', 'Irbid', '', 'Jordan');
INSERT INTO `User` (`UserId`, `Email`, `FirstName`, `LastName`, `Password`, `Salt`, `Phone`, `ProfilePic`, `Street`, `City`, `PostalCode`, `Country`) VALUES(177, 'areal22@techcrunch.com', 'Adolpho', 'Real', '$2a$12$StB0L4VOLHEP4Y4TqEf8BOarDI6b6TZj344GG63zhv7k1HqJSVsQa', '$2a$12$StB0L4VOLHEP4Y4TqEf8BO', '', 'http://dummyimage.com/110x154.jpg/5fa2dd/ffffff', '9110 Ridgeway Plaza', 'Tungol', '9407', 'Philippines');
INSERT INTO `User` (`UserId`, `Email`, `FirstName`, `LastName`, `Password`, `Salt`, `Phone`, `ProfilePic`, `Street`, `City`, `PostalCode`, `Country`) VALUES(178, 'rdolan23@archive.org', 'Rodrique', 'Dolan', '$2a$12$sma0a48xF/1e8ifPEDG3cOeTy88jfRpZjjaN.Xx7rOr7qHgzOOXti', '$2a$12$sma0a48xF/1e8ifPEDG3cO', '971-627-8798', 'http://dummyimage.com/154x192.jpg/ff4444/ffffff', '42536 Prentice Park', 'Granja', '62430-000', 'Brazil');
INSERT INTO `User` (`UserId`, `Email`, `FirstName`, `LastName`, `Password`, `Salt`, `Phone`, `ProfilePic`, `Street`, `City`, `PostalCode`, `Country`) VALUES(179, 'bkinde24@discovery.com', 'Bronson', 'Kinde', '$2a$12$VWYsPsYXswzs5JggqgC07Or9lnEZy6BH6LsgJmvpyIxtyIF3fsx0.', '$2a$12$VWYsPsYXswzs5JggqgC07O', '848-297-2829', 'http://dummyimage.com/131x200.jpg/5fa2dd/ffffff', '616 Cody Alley', 'Kalilangan', '8718', 'Philippines');
INSERT INTO `User` (`UserId`, `Email`, `FirstName`, `LastName`, `Password`, `Salt`, `Phone`, `ProfilePic`, `Street`, `City`, `PostalCode`, `Country`) VALUES(180, 'lacedo25@thetimes.co.uk', 'Linn', 'Acedo', '$2a$12$NZdfYczbS0mgiUqUfYNzyelpJYBvyuhOVPuNreRw/e8lcXAYddiPq', '$2a$12$NZdfYczbS0mgiUqUfYNzye', '601-105-9044', 'http://dummyimage.com/165x229.jpg/5fa2dd/ffffff', '4455 Meadow Valley Street', 'Jackson', '39282', 'United States');
INSERT INTO `User` (`UserId`, `Email`, `FirstName`, `LastName`, `Password`, `Salt`, `Phone`, `ProfilePic`, `Street`, `City`, `PostalCode`, `Country`) VALUES(181, 'eparrott26@xrea.com', 'Elianora', 'Parrott', '$2a$12$cTDXziTAtLMrI7XICfGkv.PC86bV7JarLJoz4j7yoZVIA628LUKT2', '$2a$12$cTDXziTAtLMrI7XICfGkv.', '475-327-3120', 'http://dummyimage.com/247x109.jpg/dddddd/000000', '9972 Claremont Alley', 'Unidad', '8308', 'Philippines');
INSERT INTO `User` (`UserId`, `Email`, `FirstName`, `LastName`, `Password`, `Salt`, `Phone`, `ProfilePic`, `Street`, `City`, `PostalCode`, `Country`) VALUES(182, 'ihillborne27@aboutads.info', 'Ian', 'Hillborne', '$2a$12$PzsA12EkultRCspOGDywpeLKL3FkIQ1soEXtPFTFczvSqXSlGgWaa', '$2a$12$PzsA12EkultRCspOGDywpe', '', 'http://dummyimage.com/105x110.jpg/ff4444/ffffff', '97 Gulseth Hill', 'Yalkhoy-Mokhk', '366913', 'Russia');
INSERT INTO `User` (`UserId`, `Email`, `FirstName`, `LastName`, `Password`, `Salt`, `Phone`, `ProfilePic`, `Street`, `City`, `PostalCode`, `Country`) VALUES(183, 'ldimelow28@latimes.com', 'Lev', 'Dimelow', '$2a$12$jkqKABTk52pgc3AksnAnVOGbKK0QUZi0Hy66NxcnE6DHjIulUeTk2', '$2a$12$jkqKABTk52pgc3AksnAnVO', '749-763-7790', 'http://dummyimage.com/203x163.jpg/dddddd/000000', '2 Farwell Park', 'Antioquia', '51457', 'Colombia');
INSERT INTO `User` (`UserId`, `Email`, `FirstName`, `LastName`, `Password`, `Salt`, `Phone`, `ProfilePic`, `Street`, `City`, `PostalCode`, `Country`) VALUES(184, 'mdansie29@stumbleupon.com', 'Mandy', 'Dansie', '$2a$12$dgCgKnXHO7izb1/GcNDPPOQD55Vfu0cmTvDCkZN4aAGfO9wBrrjI2', '$2a$12$dgCgKnXHO7izb1/GcNDPPO', '651-265-0618', 'http://dummyimage.com/210x223.jpg/dddddd/000000', '7477 Amoth Lane', 'Xia???ertai', '', '');
INSERT INTO `User` (`UserId`, `Email`, `FirstName`, `LastName`, `Password`, `Salt`, `Phone`, `ProfilePic`, `Street`, `City`, `PostalCode`, `Country`) VALUES(185, 'rcaudwell2a@unblog.fr', 'Roarke', 'Caudwell', '$2a$12$WDvxj6fWEd/ztAZdjfek0OhG9Vq7kliA9fXuNuAaeXgmL4fMKIDXG', '$2a$12$WDvxj6fWEd/ztAZdjfek0O', '', 'http://dummyimage.com/210x202.jpg/dddddd/000000', '0 Moland Park', 'C??i Nhum', '', 'Vietnam');
INSERT INTO `User` (`UserId`, `Email`, `FirstName`, `LastName`, `Password`, `Salt`, `Phone`, `ProfilePic`, `Street`, `City`, `PostalCode`, `Country`) VALUES(186, 'edundridge2b@gizmodo.com', 'Erny', 'Dundridge', '$2a$12$UmVSvZb33rHrriQrCBs/muHz07sTyvR9LfRJlnJ0XfA7ZAXepoY0i', '$2a$12$UmVSvZb33rHrriQrCBs/mu', '545-675-0099', 'http://dummyimage.com/117x121.jpg/cc0000/ffffff', '7 Lighthouse Bay Lane', 'Nari??o', '252837', '');
INSERT INTO `User` (`UserId`, `Email`, `FirstName`, `LastName`, `Password`, `Salt`, `Phone`, `ProfilePic`, `Street`, `City`, `PostalCode`, `Country`) VALUES(187, 'tgather2c@nymag.com', 'Torry', 'Gather', '$2a$12$JM.e9aLYT8FGaa8sfefFuOOMW.iEYAUGU1eVi.EFUwqDBB9HhN3xi', '$2a$12$JM.e9aLYT8FGaa8sfefFuO', '', 'http://dummyimage.com/157x115.jpg/cc0000/ffffff', '41 Ridge Oak Center', 'Aubagne', '13674 CEDE', 'France');
INSERT INTO `User` (`UserId`, `Email`, `FirstName`, `LastName`, `Password`, `Salt`, `Phone`, `ProfilePic`, `Street`, `City`, `PostalCode`, `Country`) VALUES(188, 'dgonet2d@tripod.com', 'Dayna', 'Gonet', '$2a$12$RrHQzs/TjI1jp78rNXupM.vZDpjudPD5W/d7MQxtIHj0lJfGQ5m6u', '$2a$12$RrHQzs/TjI1jp78rNXupM.', '376-809-5876', 'http://dummyimage.com/135x206.jpg/cc0000/ffffff', '3402 Florence Circle', 'Narail', '5260', 'Bangladesh');
INSERT INTO `User` (`UserId`, `Email`, `FirstName`, `LastName`, `Password`, `Salt`, `Phone`, `ProfilePic`, `Street`, `City`, `PostalCode`, `Country`) VALUES(189, 'cstandall2e@webmd.com', 'Carilyn', 'Standall', '$2a$12$bnFQhGyYr2gobDiAKIQco.wjMNQtE3oUoIrxgfB4VJxR/nWDxFQiO', '$2a$12$bnFQhGyYr2gobDiAKIQco.', '341-211-2223', 'http://dummyimage.com/174x187.jpg/dddddd/000000', '10 Manufacturers Park', 'Sampit', '', 'Indonesia');
INSERT INTO `User` (`UserId`, `Email`, `FirstName`, `LastName`, `Password`, `Salt`, `Phone`, `ProfilePic`, `Street`, `City`, `PostalCode`, `Country`) VALUES(190, 'gsummerly2f@squarespace.com', 'Glen', 'Summerly', '$2a$12$Y5Igdtsd4A2.BdWCTiXyZ.TkdowBPuHIHaWf6LhyY/veJKjkOX236', '$2a$12$Y5Igdtsd4A2.BdWCTiXyZ.', '882-627-8918', 'http://dummyimage.com/100x113.jpg/ff4444/ffffff', '8017 East Park', 'Kirkton', 'KW10', 'United Kingdom');
INSERT INTO `User` (`UserId`, `Email`, `FirstName`, `LastName`, `Password`, `Salt`, `Phone`, `ProfilePic`, `Street`, `City`, `PostalCode`, `Country`) VALUES(191, 'ascougal2g@hexun.com', 'Althea', 'Scougal', '$2a$12$QE.0MX4tySUeZagYCARurefIzbkZWIGO7BlT3XxXcf6pYndrlShzq', '$2a$12$QE.0MX4tySUeZagYCARure', '768-337-6037', 'http://dummyimage.com/175x247.jpg/ff4444/ffffff', '384 Leroy Road', 'Fengshan', '', 'China');
INSERT INTO `User` (`UserId`, `Email`, `FirstName`, `LastName`, `Password`, `Salt`, `Phone`, `ProfilePic`, `Street`, `City`, `PostalCode`, `Country`) VALUES(192, 'gantognazzi2h@merriam-webster.com', 'Giacobo', 'Antognazzi', '$2a$12$eB3Q9U3CJ8SmpiASGQUKLOd7R5yLSA9u0fTvWlpihLVNKt5kOQ816', '$2a$12$eB3Q9U3CJ8SmpiASGQUKLO', '', 'http://dummyimage.com/163x188.jpg/dddddd/000000', '42 Ridgeway Road', 'Orahovac', '', 'Kosovo');
INSERT INTO `User` (`UserId`, `Email`, `FirstName`, `LastName`, `Password`, `Salt`, `Phone`, `ProfilePic`, `Street`, `City`, `PostalCode`, `Country`) VALUES(193, 'dkepe2i@nydailynews.com', 'Darryl', 'Kepe', '$2a$12$QUXz4jRh.4bQpRTBuuhBSeLrYrYDXQLacDgp3ZtpWRPWXOAe1o4qW', '$2a$12$QUXz4jRh.4bQpRTBuuhBSe', '', 'http://dummyimage.com/119x133.jpg/cc0000/ffffff', '652 Scott Park', 'Urshel???skiy', '601554', 'Russia');
INSERT INTO `User` (`UserId`, `Email`, `FirstName`, `LastName`, `Password`, `Salt`, `Phone`, `ProfilePic`, `Street`, `City`, `PostalCode`, `Country`) VALUES(194, 'gskelcher2j@upenn.edu', 'Gregorio', 'Skelcher', '$2a$12$5DhZMdvrTAXgpEZFW6uJAeGnlPR/y1d6fzoc9WhS8EGd1q5ulYRdi', '$2a$12$5DhZMdvrTAXgpEZFW6uJAe', '966-644-4910', 'http://dummyimage.com/139x112.jpg/cc0000/ffffff', '5467 Lake View Hill', 'Babiak', '62-620', 'Poland');
INSERT INTO `User` (`UserId`, `Email`, `FirstName`, `LastName`, `Password`, `Salt`, `Phone`, `ProfilePic`, `Street`, `City`, `PostalCode`, `Country`) VALUES(195, 'byegorovnin2k@jigsy.com', 'Baillie', 'Yegorovnin', '$2a$12$NQI0YyLw5cIjnrEX1kRLCu3nnXixDaRwslpwf7s6R2yTzHrICQrR.', '$2a$12$NQI0YyLw5cIjnrEX1kRLCu', '767-769-8377', 'http://dummyimage.com/239x119.jpg/cc0000/ffffff', '803 Fieldstone Park', 'Razvanje', '2313', 'Slovenia');
INSERT INTO `User` (`UserId`, `Email`, `FirstName`, `LastName`, `Password`, `Salt`, `Phone`, `ProfilePic`, `Street`, `City`, `PostalCode`, `Country`) VALUES(196, 'mmackim2l@sitemeter.com', 'Marion', 'MacKim', '$2a$12$auE0iBd30a.4xL9CFlBePuV.qQw8mzUd4KxuxQKUykYCVSzTGK4iC', '$2a$12$auE0iBd30a.4xL9CFlBePu', '919-456-9371', 'http://dummyimage.com/229x241.jpg/5fa2dd/ffffff', '163 Hovde Center', 'Vendargues', '34747 CEDE', 'France');
INSERT INTO `User` (`UserId`, `Email`, `FirstName`, `LastName`, `Password`, `Salt`, `Phone`, `ProfilePic`, `Street`, `City`, `PostalCode`, `Country`) VALUES(197, 'hmeadowcraft2m@goo.gl', 'Heda', 'Meadowcraft', '$2a$12$aqpi/7tcNb1tM17wU8dTH.kQU75thXmk5KrLC2wYt7y.q7r5bRfg2', '$2a$12$aqpi/7tcNb1tM17wU8dTH.', '547-299-7319', 'http://dummyimage.com/165x123.jpg/ff4444/ffffff', '8 Utah Point', 'Jiaoyuan', '', '');
INSERT INTO `User` (`UserId`, `Email`, `FirstName`, `LastName`, `Password`, `Salt`, `Phone`, `ProfilePic`, `Street`, `City`, `PostalCode`, `Country`) VALUES(198, 'awildman2n@springer.com', 'Annetta', 'Wildman', '$2a$12$IW4YrWlCV2K4WCwquMxdbOXubFqzF0sT5rrTfZPk7zZw69k182UcG', '$2a$12$IW4YrWlCV2K4WCwquMxdbO', '629-923-2992', 'http://dummyimage.com/155x214.jpg/ff4444/ffffff', '2473 Hermina Parkway', 'Gangmei', '', 'China');
INSERT INTO `User` (`UserId`, `Email`, `FirstName`, `LastName`, `Password`, `Salt`, `Phone`, `ProfilePic`, `Street`, `City`, `PostalCode`, `Country`) VALUES(199, 'kfritschmann2o@upenn.edu', 'Kimbra', 'Fritschmann', '$2a$12$6fsyYc3aTEsZJ9dTzRn06OhA2m2NW5xgQsav0aZrD9qFlY4LQJVwS', '$2a$12$6fsyYc3aTEsZJ9dTzRn06O', '979-523-5587', 'http://dummyimage.com/238x143.jpg/ff4444/ffffff', '5 Rusk Road', 'Yangchun', '', 'China');
INSERT INTO `User` (`UserId`, `Email`, `FirstName`, `LastName`, `Password`, `Salt`, `Phone`, `ProfilePic`, `Street`, `City`, `PostalCode`, `Country`) VALUES(200, 'mhulett2p@cornell.edu', 'Matteo', 'Hulett', '$2a$12$gXVsI8haSmx/DlW.v5rSXudu6QP3FA7Wy/H9GtQPOo2CIXV/dxQEq', '$2a$12$gXVsI8haSmx/DlW.v5rSXu', '572-377-7854', 'http://dummyimage.com/146x200.jpg/cc0000/ffffff', '10002 Charing Cross Terrace', 'Xingang', '', 'China');
INSERT INTO `User` (`UserId`, `Email`, `FirstName`, `LastName`, `Password`, `Salt`, `Phone`, `ProfilePic`, `Street`, `City`, `PostalCode`, `Country`) VALUES(201, 'dbeverley2q@hibu.com', 'Debra', 'Beverley', '$2a$12$Sfcfhwo6jjbB6Icyo7QyoudEoIfg5mDlpaP2.KBqMldryl/OtJotG', '$2a$12$Sfcfhwo6jjbB6Icyo7Qyou', '146-160-7883', 'http://dummyimage.com/238x107.jpg/dddddd/000000', '36 Stuart Center', 'Caen', '14922 CEDE', 'France');
INSERT INTO `User` (`UserId`, `Email`, `FirstName`, `LastName`, `Password`, `Salt`, `Phone`, `ProfilePic`, `Street`, `City`, `PostalCode`, `Country`) VALUES(202, 'udenerley2r@google.ca', 'Ulrich', 'Denerley', '$2a$12$xE6V1mCVxQYN/nYHQsLXZevZjKmdWV11So4MhGHcCiWRtb7CmZSde', '$2a$12$xE6V1mCVxQYN/nYHQsLXZe', '801-446-4807', 'http://dummyimage.com/188x193.jpg/dddddd/000000', '9959 Messerschmidt Street', 'Maciejowice', '08-480', 'Poland');

--
-- Dumping data for table `Administrator`
--

INSERT INTO `Administrator` (`AdminId`, `UserId`, `Grantor`, `Date`, `Time`) VALUES(1, 193, 1, '2010-01-07', '08:00:00');
INSERT INTO `Administrator` (`AdminId`, `UserId`, `Grantor`, `Date`, `Time`) VALUES(2, 194, 1, '2009-10-20', '08:46:00');
INSERT INTO `Administrator` (`AdminId`, `UserId`, `Grantor`, `Date`, `Time`) VALUES(3, 195, 1, '2016-04-27', '07:11:00');
INSERT INTO `Administrator` (`AdminId`, `UserId`, `Grantor`, `Date`, `Time`) VALUES(4, 196, 1, '2008-03-15', '15:22:00');
INSERT INTO `Administrator` (`AdminId`, `UserId`, `Grantor`, `Date`, `Time`) VALUES(5, 197, 2, '2013-12-25', '19:35:00');
INSERT INTO `Administrator` (`AdminId`, `UserId`, `Grantor`, `Date`, `Time`) VALUES(6, 198, 2, '2015-10-18', '05:44:00');
INSERT INTO `Administrator` (`AdminId`, `UserId`, `Grantor`, `Date`, `Time`) VALUES(7, 199, 3, '2016-08-18', '04:47:00');
INSERT INTO `Administrator` (`AdminId`, `UserId`, `Grantor`, `Date`, `Time`) VALUES(8, 200, NULL, '2010-07-16', '05:01:00');
INSERT INTO `Administrator` (`AdminId`, `UserId`, `Grantor`, `Date`, `Time`) VALUES(9, 201, NULL, '2015-04-01', '07:07:00');
INSERT INTO `Administrator` (`AdminId`, `UserId`, `Grantor`, `Date`, `Time`) VALUES(10, 202, NULL, '2017-06-09', '17:59:00');

--
-- Dumping data for table `Faculty`
--

INSERT INTO `Faculty` (`FacultyId`, `UserId`, `Title`, `Affiliation`, `Website`, `VerifiedBy`, `Date`, `Time`) VALUES(21, 173, 'Instructor', 'CCIS', 'https://oaic.gov.au/vivamus/metus/arcu.png', 2, '2008-03-17', '13:27:00');
INSERT INTO `Faculty` (`FacultyId`, `UserId`, `Title`, `Affiliation`, `Website`, `VerifiedBy`, `Date`, `Time`) VALUES(22, 174, 'Assistant Professor', 'CCIS', 'http://dedecms.com/morbi.aspx', 2, '2008-07-10', '07:31:00');
INSERT INTO `Faculty` (`FacultyId`, `UserId`, `Title`, `Affiliation`, `Website`, `VerifiedBy`, `Date`, `Time`) VALUES(23, 175, 'Instructor', 'CCIS', 'http://google.fr/mauris/viverra.jsp', 2, '2008-10-13', '00:48:00');
INSERT INTO `Faculty` (`FacultyId`, `UserId`, `Title`, `Affiliation`, `Website`, `VerifiedBy`, `Date`, `Time`) VALUES(24, 176, 'Professor', 'CCIS', 'https://ezinearticles.com/est/risus/auctor.png', 3, '2010-08-23', '20:34:00');
INSERT INTO `Faculty` (`FacultyId`, `UserId`, `Title`, `Affiliation`, `Website`, `VerifiedBy`, `Date`, `Time`) VALUES(25, 177, 'Professor', 'CCIS', 'https://meetup.com/nunc.png', 4, '2017-08-27', '10:33:00');
INSERT INTO `Faculty` (`FacultyId`, `UserId`, `Title`, `Affiliation`, `Website`, `VerifiedBy`, `Date`, `Time`) VALUES(26, 178, 'Assistant Professor', 'CCIS', 'http://tripod.com/morbi/odio/odio/elementum/eu/interdum.html', 5, '2017-03-22', '08:05:00');
INSERT INTO `Faculty` (`FacultyId`, `UserId`, `Title`, `Affiliation`, `Website`, `VerifiedBy`, `Date`, `Time`) VALUES(27, 179, 'Instructor', 'Psychology', 'http://businesswire.com/suspendisse/potenti/cras/in/purus.jpg', 3, '2013-05-13', '05:39:00');
INSERT INTO `Faculty` (`FacultyId`, `UserId`, `Title`, `Affiliation`, `Website`, `VerifiedBy`, `Date`, `Time`) VALUES(28, 180, 'Assistant Professor', 'CCIS', 'http://biblegateway.com/tempor/turpis/nec/euismod/scelerisque.png', 6, '2015-11-29', '22:18:00');
INSERT INTO `Faculty` (`FacultyId`, `UserId`, `Title`, `Affiliation`, `Website`, `VerifiedBy`, `Date`, `Time`) VALUES(29, 181, 'Associate Professor', 'CCIS', 'http://skype.com/eget.jpg', 8, '2017-01-13', '08:07:00');
INSERT INTO `Faculty` (`FacultyId`, `UserId`, `Title`, `Affiliation`, `Website`, `VerifiedBy`, `Date`, `Time`) VALUES(30, 182, 'Professor', 'CCIS', 'https://cam.ac.uk/nulla/tempus/vivamus.html', 9, '2015-01-08', '20:39:00');
INSERT INTO `Faculty` (`FacultyId`, `UserId`, `Title`, `Affiliation`, `Website`, `VerifiedBy`, `Date`, `Time`) VALUES(31, 183, 'Instructor', 'History', 'http://nhs.uk/vivamus/tortor/duis/mattis/egestas/metus/aenean.js', 6, '2015-07-13', '01:23:00');
INSERT INTO `Faculty` (`FacultyId`, `UserId`, `Title`, `Affiliation`, `Website`, `VerifiedBy`, `Date`, `Time`) VALUES(32, 184, 'Professor', 'Biology', 'http://multiply.com/vel/est/donec/odio/justo/sollicitudin.jsp', 7, '2016-12-29', '11:14:00');
INSERT INTO `Faculty` (`FacultyId`, `UserId`, `Title`, `Affiliation`, `Website`, `VerifiedBy`, `Date`, `Time`) VALUES(33, 185, 'Assistant Professor', 'CCIS', 'http://sakura.ne.jp/justo/etiam.jsp', 10, '2017-01-02', '07:36:00');
INSERT INTO `Faculty` (`FacultyId`, `UserId`, `Title`, `Affiliation`, `Website`, `VerifiedBy`, `Date`, `Time`) VALUES(34, 186, 'Associate Professor', 'CCIS', 'https://amazon.co.uk/imperdiet/et/commodo/vulputate/justo/in.html', 1, '2017-07-08', '02:34:00');
INSERT INTO `Faculty` (`FacultyId`, `UserId`, `Title`, `Affiliation`, `Website`, `VerifiedBy`, `Date`, `Time`) VALUES(35, 187, 'Instructor', 'CCIS', 'https://homestead.com/sit/amet/justo.html', 2, '2016-06-27', '22:12:00');
INSERT INTO `Faculty` (`FacultyId`, `UserId`, `Title`, `Affiliation`, `Website`, `VerifiedBy`, `Date`, `Time`) VALUES(36, 188, 'Associate Professor', 'Business', 'http://economist.com/augue/vestibulum/ante.json', 3, '2010-12-06', '22:10:00');
INSERT INTO `Faculty` (`FacultyId`, `UserId`, `Title`, `Affiliation`, `Website`, `VerifiedBy`, `Date`, `Time`) VALUES(37, 189, 'Professor', 'History', 'http://phoca.cz/eleifend/quam.jsp', 1, '2011-02-07', '21:24:00');
INSERT INTO `Faculty` (`FacultyId`, `UserId`, `Title`, `Affiliation`, `Website`, `VerifiedBy`, `Date`, `Time`) VALUES(38, 190, 'Assistant Professor', 'Psychology', 'http://reference.com/ac/leo/pellentesque/ultrices/mattis/odio/donec.xml', NULL, NULL, NULL);
INSERT INTO `Faculty` (`FacultyId`, `UserId`, `Title`, `Affiliation`, `Website`, `VerifiedBy`, `Date`, `Time`) VALUES(39, 191, 'Professor', 'CCIS', 'http://histats.com/quis/orci/nullam/molestie/nibh.jpg', 1, '2015-08-20', '23:53:00');
INSERT INTO `Faculty` (`FacultyId`, `UserId`, `Title`, `Affiliation`, `Website`, `VerifiedBy`, `Date`, `Time`) VALUES(40, 192, 'Professor', 'CCIS', 'http://salon.com/cubilia/curae/mauris/viverra/diam/vitae/quam.aspx', 1, '2009-05-12', '22:52:00');

--
-- Dumping data for table `Student`
--

INSERT INTO `Student` (`StuId`, `UserId`) VALUES(241, 103);
INSERT INTO `Student` (`StuId`, `UserId`) VALUES(242, 104);
INSERT INTO `Student` (`StuId`, `UserId`) VALUES(243, 105);
INSERT INTO `Student` (`StuId`, `UserId`) VALUES(244, 106);
INSERT INTO `Student` (`StuId`, `UserId`) VALUES(245, 107);
INSERT INTO `Student` (`StuId`, `UserId`) VALUES(246, 108);
INSERT INTO `Student` (`StuId`, `UserId`) VALUES(247, 109);
INSERT INTO `Student` (`StuId`, `UserId`) VALUES(248, 110);
INSERT INTO `Student` (`StuId`, `UserId`) VALUES(249, 111);
INSERT INTO `Student` (`StuId`, `UserId`) VALUES(250, 112);
INSERT INTO `Student` (`StuId`, `UserId`) VALUES(251, 113);
INSERT INTO `Student` (`StuId`, `UserId`) VALUES(252, 114);
INSERT INTO `Student` (`StuId`, `UserId`) VALUES(253, 115);
INSERT INTO `Student` (`StuId`, `UserId`) VALUES(254, 116);
INSERT INTO `Student` (`StuId`, `UserId`) VALUES(255, 117);
INSERT INTO `Student` (`StuId`, `UserId`) VALUES(256, 118);
INSERT INTO `Student` (`StuId`, `UserId`) VALUES(257, 119);
INSERT INTO `Student` (`StuId`, `UserId`) VALUES(258, 120);
INSERT INTO `Student` (`StuId`, `UserId`) VALUES(259, 121);
INSERT INTO `Student` (`StuId`, `UserId`) VALUES(260, 122);
INSERT INTO `Student` (`StuId`, `UserId`) VALUES(261, 123);
INSERT INTO `Student` (`StuId`, `UserId`) VALUES(262, 124);
INSERT INTO `Student` (`StuId`, `UserId`) VALUES(263, 125);
INSERT INTO `Student` (`StuId`, `UserId`) VALUES(264, 126);
INSERT INTO `Student` (`StuId`, `UserId`) VALUES(265, 127);
INSERT INTO `Student` (`StuId`, `UserId`) VALUES(266, 128);
INSERT INTO `Student` (`StuId`, `UserId`) VALUES(267, 129);
INSERT INTO `Student` (`StuId`, `UserId`) VALUES(268, 130);
INSERT INTO `Student` (`StuId`, `UserId`) VALUES(269, 131);
INSERT INTO `Student` (`StuId`, `UserId`) VALUES(270, 132);
INSERT INTO `Student` (`StuId`, `UserId`) VALUES(271, 133);
INSERT INTO `Student` (`StuId`, `UserId`) VALUES(272, 134);
INSERT INTO `Student` (`StuId`, `UserId`) VALUES(273, 135);
INSERT INTO `Student` (`StuId`, `UserId`) VALUES(274, 136);
INSERT INTO `Student` (`StuId`, `UserId`) VALUES(275, 137);
INSERT INTO `Student` (`StuId`, `UserId`) VALUES(276, 138);
INSERT INTO `Student` (`StuId`, `UserId`) VALUES(277, 139);
INSERT INTO `Student` (`StuId`, `UserId`) VALUES(278, 140);
INSERT INTO `Student` (`StuId`, `UserId`) VALUES(279, 141);
INSERT INTO `Student` (`StuId`, `UserId`) VALUES(280, 142);
INSERT INTO `Student` (`StuId`, `UserId`) VALUES(281, 143);
INSERT INTO `Student` (`StuId`, `UserId`) VALUES(282, 144);
INSERT INTO `Student` (`StuId`, `UserId`) VALUES(283, 145);
INSERT INTO `Student` (`StuId`, `UserId`) VALUES(284, 146);
INSERT INTO `Student` (`StuId`, `UserId`) VALUES(285, 147);
INSERT INTO `Student` (`StuId`, `UserId`) VALUES(286, 148);
INSERT INTO `Student` (`StuId`, `UserId`) VALUES(287, 149);
INSERT INTO `Student` (`StuId`, `UserId`) VALUES(288, 150);
INSERT INTO `Student` (`StuId`, `UserId`) VALUES(289, 151);
INSERT INTO `Student` (`StuId`, `UserId`) VALUES(290, 152);
INSERT INTO `Student` (`StuId`, `UserId`) VALUES(291, 153);
INSERT INTO `Student` (`StuId`, `UserId`) VALUES(292, 154);
INSERT INTO `Student` (`StuId`, `UserId`) VALUES(293, 155);
INSERT INTO `Student` (`StuId`, `UserId`) VALUES(294, 156);
INSERT INTO `Student` (`StuId`, `UserId`) VALUES(295, 157);
INSERT INTO `Student` (`StuId`, `UserId`) VALUES(296, 158);
INSERT INTO `Student` (`StuId`, `UserId`) VALUES(297, 159);
INSERT INTO `Student` (`StuId`, `UserId`) VALUES(298, 160);
INSERT INTO `Student` (`StuId`, `UserId`) VALUES(299, 161);
INSERT INTO `Student` (`StuId`, `UserId`) VALUES(300, 162);
INSERT INTO `Student` (`StuId`, `UserId`) VALUES(301, 163);
INSERT INTO `Student` (`StuId`, `UserId`) VALUES(302, 164);
INSERT INTO `Student` (`StuId`, `UserId`) VALUES(303, 165);
INSERT INTO `Student` (`StuId`, `UserId`) VALUES(304, 166);
INSERT INTO `Student` (`StuId`, `UserId`) VALUES(305, 167);
INSERT INTO `Student` (`StuId`, `UserId`) VALUES(306, 168);
INSERT INTO `Student` (`StuId`, `UserId`) VALUES(307, 169);
INSERT INTO `Student` (`StuId`, `UserId`) VALUES(308, 170);
INSERT INTO `Student` (`StuId`, `UserId`) VALUES(309, 171);
INSERT INTO `Student` (`StuId`, `UserId`) VALUES(310, 172);
INSERT INTO `Student` (`StuId`, `UserId`) VALUES(311, 173);
INSERT INTO `Student` (`StuId`, `UserId`) VALUES(312, 174);
INSERT INTO `Student` (`StuId`, `UserId`) VALUES(313, 175);
INSERT INTO `Student` (`StuId`, `UserId`) VALUES(314, 176);
INSERT INTO `Student` (`StuId`, `UserId`) VALUES(315, 177);
INSERT INTO `Student` (`StuId`, `UserId`) VALUES(316, 178);
INSERT INTO `Student` (`StuId`, `UserId`) VALUES(317, 179);
INSERT INTO `Student` (`StuId`, `UserId`) VALUES(318, 180);
INSERT INTO `Student` (`StuId`, `UserId`) VALUES(319, 181);
INSERT INTO `Student` (`StuId`, `UserId`) VALUES(320, 182);
INSERT INTO `Student` (`StuId`, `UserId`) VALUES(321, 183);
INSERT INTO `Student` (`StuId`, `UserId`) VALUES(322, 184);
INSERT INTO `Student` (`StuId`, `UserId`) VALUES(323, 185);
INSERT INTO `Student` (`StuId`, `UserId`) VALUES(324, 186);
INSERT INTO `Student` (`StuId`, `UserId`) VALUES(325, 187);
INSERT INTO `Student` (`StuId`, `UserId`) VALUES(326, 188);
INSERT INTO `Student` (`StuId`, `UserId`) VALUES(327, 189);
INSERT INTO `Student` (`StuId`, `UserId`) VALUES(328, 190);
INSERT INTO `Student` (`StuId`, `UserId`) VALUES(329, 191);
INSERT INTO `Student` (`StuId`, `UserId`) VALUES(330, 192);
INSERT INTO `Student` (`StuId`, `UserId`) VALUES(331, 193);
INSERT INTO `Student` (`StuId`, `UserId`) VALUES(332, 194);
INSERT INTO `Student` (`StuId`, `UserId`) VALUES(333, 195);
INSERT INTO `Student` (`StuId`, `UserId`) VALUES(334, 196);
INSERT INTO `Student` (`StuId`, `UserId`) VALUES(335, 197);
INSERT INTO `Student` (`StuId`, `UserId`) VALUES(336, 198);
INSERT INTO `Student` (`StuId`, `UserId`) VALUES(337, 199);
INSERT INTO `Student` (`StuId`, `UserId`) VALUES(338, 200);
INSERT INTO `Student` (`StuId`, `UserId`) VALUES(339, 201);
INSERT INTO `Student` (`StuId`, `UserId`) VALUES(340, 202);

--
-- Dumping data for table `Topic`
--

INSERT INTO `Topic` (`TopicId`, `Name`) VALUES(1, 'Software Engineer');
INSERT INTO `Topic` (`TopicId`, `Name`) VALUES(2, 'Web Development');
INSERT INTO `Topic` (`TopicId`, `Name`) VALUES(3, 'Mobile Apps');
INSERT INTO `Topic` (`TopicId`, `Name`) VALUES(4, 'Programming Languages');
INSERT INTO `Topic` (`TopicId`, `Name`) VALUES(5, 'Databases');
INSERT INTO `Topic` (`TopicId`, `Name`) VALUES(6, 'Network & Security');
INSERT INTO `Topic` (`TopicId`, `Name`) VALUES(7, 'Hardware');
INSERT INTO `Topic` (`TopicId`, `Name`) VALUES(8, 'Operating Systems');
INSERT INTO `Topic` (`TopicId`, `Name`) VALUES(9, 'Project Management');
INSERT INTO `Topic` (`TopicId`, `Name`) VALUES(10, 'Data Analytics');
INSERT INTO `Topic` (`TopicId`, `Name`) VALUES(11, 'Biology');
INSERT INTO `Topic` (`TopicId`, `Name`) VALUES(12, 'History');
INSERT INTO `Topic` (`TopicId`, `Name`) VALUES(13, 'Business');
INSERT INTO `Topic` (`TopicId`, `Name`) VALUES(14, 'Engineering');
INSERT INTO `Topic` (`TopicId`, `Name`) VALUES(15, 'Psychology');
INSERT INTO `Topic` (`TopicId`, `Name`) VALUES(16, 'JavaScript');
INSERT INTO `Topic` (`TopicId`, `Name`) VALUES(17, 'AngularJS');
INSERT INTO `Topic` (`TopicId`, `Name`) VALUES(18, 'iOS');
INSERT INTO `Topic` (`TopicId`, `Name`) VALUES(19, 'Swift');
INSERT INTO `Topic` (`TopicId`, `Name`) VALUES(20, 'Android');
INSERT INTO `Topic` (`TopicId`, `Name`) VALUES(21, 'Java');
INSERT INTO `Topic` (`TopicId`, `Name`) VALUES(22, 'Python');
INSERT INTO `Topic` (`TopicId`, `Name`) VALUES(23, 'MySQL');
INSERT INTO `Topic` (`TopicId`, `Name`) VALUES(24, 'Linux');
INSERT INTO `Topic` (`TopicId`, `Name`) VALUES(25, 'Microsoft Excel');
INSERT INTO `Topic` (`TopicId`, `Name`) VALUES(26, 'Culture');
INSERT INTO `Topic` (`TopicId`, `Name`) VALUES(27, 'Art History');

--
-- Dumping data for table `Course`
--

INSERT INTO `Course` (`CourseId`, `Name`, `Description`, `Icon`, `Cost`, `TopicId`, `AvgRating`) VALUES(1, 'Managing Software Development', 'Covers software life cycle models (waterfall, spiral, and so forth), domain engineering methods, requirements analysis methods (including formal specifications), software design principles and methods, verification and testing methods, resource and schedule estimation for individual software engineers, component-based software development methods and architecture, and languages for describing software processes. Includes a project where some of the software engineering methods (from domain modeling to testing) are applied in an example.', 'http://dummyimage.com/181x157.jpg/dddddd/000000', '500.00', 1, '4');
INSERT INTO `Course` (`CourseId`, `Name`, `Description`, `Icon`, `Cost`, `TopicId`, `AvgRating`) VALUES(2, 'The Complete Web Developer Course 2.0', 'Learn Web Development by building 25 websites and mobile apps using HTML, CSS, Javascript, PHP, Python, MySQL & more!', 'http://dummyimage.com/219x180.jpg/ff4444/ffffff', '200.00', 2, '5');
INSERT INTO `Course` (`CourseId`, `Name`, `Description`, `Icon`, `Cost`, `TopicId`, `AvgRating`) VALUES(3, 'JavaScript: Understanding the Weird Parts', 'An advanced JavaScript course for everyone! Scope, closures, prototypes, \'this\', build your own framework, and more.', 'http://dummyimage.com/178x121.jpg/5fa2dd/ffffff', '175.00', 2, '0');
INSERT INTO `Course` (`CourseId`, `Name`, `Description`, `Icon`, `Cost`, `TopicId`, `AvgRating`) VALUES(4, 'Learn and Understand AngularJS', 'Master AngularJS and the Javascript concepts behind it, design custom directives, and build a single page application.', 'http://dummyimage.com/135x242.bmp/5fa2dd/ffffff', '175.00', 2, '2');
INSERT INTO `Course` (`CourseId`, `Name`, `Description`, `Icon`, `Cost`, `TopicId`, `AvgRating`) VALUES(5, 'Webpack 2: The Complete Developer\'s Guide', 'Master Webpack 2 as you deploy web apps supported by Babel, code splitting, and ES2015 Modules.', 'http://dummyimage.com/156x149.jpg/cc0000/ffffff', '75.00', 2, '4');
INSERT INTO `Course` (`CourseId`, `Name`, `Description`, `Icon`, `Cost`, `TopicId`, `AvgRating`) VALUES(6, 'OS 11 & Swift 4 - The Complete iOS App Development Bootcamp', 'Learn iOS 11 App Development From Beginning to End. Using Xcode 9 and Swift 4. Includes Full ARKit and CoreML Modules!', 'http://dummyimage.com/171x121.jpg/ff4444/ffffff', '200.00', 3, '0');
INSERT INTO `Course` (`CourseId`, `Name`, `Description`, `Icon`, `Cost`, `TopicId`, `AvgRating`) VALUES(7, 'The Complete Android N Developer Course', 'Learn Android App Development with Android 7 Nougat by building real apps including Uber, Whatsapp and Instagram!', 'http://dummyimage.com/240x219.png/5fa2dd/ffffff', '200.00', 3, '0');
INSERT INTO `Course` (`CourseId`, `Name`, `Description`, `Icon`, `Cost`, `TopicId`, `AvgRating`) VALUES(8, 'Complete Python Bootcamp: Go from zero to hero in Python', 'Learn Python like a Professional! Start from the basics and go all the way to creating your own applications and games!', 'http://dummyimage.com/210x113.bmp/ff4444/ffffff', '195.00', 4, '2');
INSERT INTO `Course` (`CourseId`, `Name`, `Description`, `Icon`, `Cost`, `TopicId`, `AvgRating`) VALUES(9, 'Complete Java Masterclass', 'Learn to master Java 8 and Java 9 core development step-by-step, and make your first unique, advanced program in 30 days', 'http://dummyimage.com/207x200.png/ff4444/ffffff', '195.00', 4, '2');
INSERT INTO `Course` (`CourseId`, `Name`, `Description`, `Icon`, `Cost`, `TopicId`, `AvgRating`) VALUES(10, 'The Ultimate MySQL Bootcamp: Go from SQL Beginner to Expert', 'Become an In-demand SQL Master by creating complex databases and building reports through real-world projects', 'http://dummyimage.com/154x151.png/cc0000/ffffff', '180.00', 5, '1');
INSERT INTO `Course` (`CourseId`, `Name`, `Description`, `Icon`, `Cost`, `TopicId`, `AvgRating`) VALUES(11, 'The Complete Ethical Hacking Course: Beginner to Advanced!', 'Learn how to do ethical hacking, penetration testing, web testing, and wifi hacking using kali linux!', 'http://dummyimage.com/206x135.bmp/5fa2dd/ffffff', '200.00', 6, '3');
INSERT INTO `Course` (`CourseId`, `Name`, `Description`, `Icon`, `Cost`, `TopicId`, `AvgRating`) VALUES(12, 'Practical PLC Programming (PLC II)', 'This course will give an intermediate-level student the experience necessary to originate complex, logical solutions.', 'http://dummyimage.com/206x222.jpg/cc0000/ffffff', '100.00', 7, '0');
INSERT INTO `Course` (`CourseId`, `Name`, `Description`, `Icon`, `Cost`, `TopicId`, `AvgRating`) VALUES(13, 'Linux Administration Bootcamp: Go from Beginner to Advanced', 'Learn Red Hat Linux & CentOS: Use the in-demand skills to start a career as a Linux Server Admin or Linux Administrator!', 'http://dummyimage.com/214x100.png/5fa2dd/ffffff', '200.00', 8, '0');
INSERT INTO `Course` (`CourseId`, `Name`, `Description`, `Icon`, `Cost`, `TopicId`, `AvgRating`) VALUES(14, 'Beginning Project Management: Project Management Level One', 'This course is designed for people that are new to project management. This course is structured to give you a solid foundation of project management and to help you speak the project management language._', 'http://dummyimage.com/120x220.bmp/dddddd/000000', '100.00', 9, '0');
INSERT INTO `Course` (`CourseId`, `Name`, `Description`, `Icon`, `Cost`, `TopicId`, `AvgRating`) VALUES(15, 'Microsoft Excel for Project Management_', 'n this course we?re going to explore lots of things that Microsoft Excel can do for project management._', 'http://dummyimage.com/190x190.bmp/ff4444/ffffff', '100.00', 9, '0');
INSERT INTO `Course` (`CourseId`, `Name`, `Description`, `Icon`, `Cost`, `TopicId`, `AvgRating`) VALUES(16, 'Machine Learning', 'With every tutorial you will develop new skills and improve your understanding of this challenging yet lucrative sub-field of Data Science.', 'http://dummyimage.com/248x145.jpg/cc0000/ffffff', '200.00', 10, '0');
INSERT INTO `Course` (`CourseId`, `Name`, `Description`, `Icon`, `Cost`, `TopicId`, `AvgRating`) VALUES(17, 'Foundations of Biology', 'In this course you will learn the concepts of General Biology from two complementary perspectives._', 'http://dummyimage.com/206x162.png/ff4444/ffffff', '75.00', 11, '0');
INSERT INTO `Course` (`CourseId`, `Name`, `Description`, `Icon`, `Cost`, `TopicId`, `AvgRating`) VALUES(18, 'Basic Concepts of Biology From Start to Finish_', 'You will gain the knowledge you need for academic and professional development and to learn how Biology relates to day to day living.', 'http://dummyimage.com/182x167.png/dddddd/000000', '150.00', 11, '0');
INSERT INTO `Course` (`CourseId`, `Name`, `Description`, `Icon`, `Cost`, `TopicId`, `AvgRating`) VALUES(19, 'Lectures on Greek History and Culture', 'We start with a look at the physical world of the Greeks, and then take up the Iliad of Homer. After that we look in detail how Herodotus presents the beginning of the great conflict between Greece and Persian, and finish up with an overview of the various Greek philosophers.', 'http://dummyimage.com/249x239.jpg/5fa2dd/ffffff', '300.00', 12, '0');
INSERT INTO `Course` (`CourseId`, `Name`, `Description`, `Icon`, `Cost`, `TopicId`, `AvgRating`) VALUES(20, 'A Brief History of India.', 'Explore 5000 years of Indian history visually.', 'http://dummyimage.com/207x244.jpg/dddddd/000000', '75.00', 12, '0');
INSERT INTO `Course` (`CourseId`, `Name`, `Description`, `Icon`, `Cost`, `TopicId`, `AvgRating`) VALUES(21, 'Art History Prehistory to the Renaissance', 'This is a clear concise series of Art History lectures that cover the major works of painting, sculpture, and architecture.__', 'http://dummyimage.com/235x240.jpg/dddddd/000000', '175.00', 12, '0');
INSERT INTO `Course` (`CourseId`, `Name`, `Description`, `Icon`, `Cost`, `TopicId`, `AvgRating`) VALUES(22, 'Practical Sales Techniques', 'This course covers everything you need to know about sales: from preparing and planning, relationship building, objection handling techniques, and closing the deal at a brilliant price. It looks at lots of real life examples (some of which will definitely get you laughing) and gives practical tools you can use right away to get better results.', 'http://dummyimage.com/182x166.jpg/ff4444/ffffff', '350.00', 13, '2');
INSERT INTO `Course` (`CourseId`, `Name`, `Description`, `Icon`, `Cost`, `TopicId`, `AvgRating`) VALUES(23, 'Conflict Management with Emotional Intelligence', 'This course is a standalone course for anyone interested in understanding how to manage, work with and resolve conflict. It compliments other courses that explore_emotional intelligence_in more depth.', 'http://dummyimage.com/107x221.jpg/ff4444/ffffff', '300.00', 13, '1');
INSERT INTO `Course` (`CourseId`, `Name`, `Description`, `Icon`, `Cost`, `TopicId`, `AvgRating`) VALUES(24, 'Data Science, Deep Learning & Machine Learning with Python', 'The topics in this course come from an analysis of real requirements in data scientist job listings from the biggest tech employers. We\'ll cover the machine learning and data mining techniques real employers are looking for.', 'http://dummyimage.com/147x210.jpg/dddddd/000000', '200.00', 14, '0');
INSERT INTO `Course` (`CourseId`, `Name`, `Description`, `Icon`, `Cost`, `TopicId`, `AvgRating`) VALUES(25, 'Master Google Sheets', 'This class is guaranteed to teach you Google Spreadsheets.', 'http://dummyimage.com/237x171.png/cc0000/ffffff', '175.00', 14, '1');
INSERT INTO `Course` (`CourseId`, `Name`, `Description`, `Icon`, `Cost`, `TopicId`, `AvgRating`) VALUES(26, 'Foundations of Psychology', 'Surveys the fundamental principles, concepts, and issues in the major areas of contemporary scientific psychology. Approaches the study of psychology as a method of inquiry as well as a body of knowledge._', 'http://dummyimage.com/250x199.jpg/dddddd/000000', '300.00', 15, '0');
INSERT INTO `Course` (`CourseId`, `Name`, `Description`, `Icon`, `Cost`, `TopicId`, `AvgRating`) VALUES(27, 'Drugs and Behavior', 'Provides beginning students with a general overview of the effects of drug use/abuse in many segments of society with particular attention placed on the collegiate population', 'http://dummyimage.com/163x168.bmp/5fa2dd/ffffff', '275.00', 15, '0');

--
-- Dumping data for table `CourseCreation`
--

INSERT INTO `CourseCreation` (`CourseId`, `FacultyId`, `Date`) VALUES(1, 21, '2016-04-22');
INSERT INTO `CourseCreation` (`CourseId`, `FacultyId`, `Date`) VALUES(2, 22, '2016-01-20');
INSERT INTO `CourseCreation` (`CourseId`, `FacultyId`, `Date`) VALUES(3, 23, '2016-02-08');
INSERT INTO `CourseCreation` (`CourseId`, `FacultyId`, `Date`) VALUES(4, 24, '2016-05-21');
INSERT INTO `CourseCreation` (`CourseId`, `FacultyId`, `Date`) VALUES(5, 25, '2016-04-10');
INSERT INTO `CourseCreation` (`CourseId`, `FacultyId`, `Date`) VALUES(6, 26, '2016-04-19');
INSERT INTO `CourseCreation` (`CourseId`, `FacultyId`, `Date`) VALUES(7, 28, '2016-01-25');
INSERT INTO `CourseCreation` (`CourseId`, `FacultyId`, `Date`) VALUES(8, 29, '2016-04-11');
INSERT INTO `CourseCreation` (`CourseId`, `FacultyId`, `Date`) VALUES(9, 30, '2016-05-25');
INSERT INTO `CourseCreation` (`CourseId`, `FacultyId`, `Date`) VALUES(10, 33, '2016-02-29');
INSERT INTO `CourseCreation` (`CourseId`, `FacultyId`, `Date`) VALUES(11, 34, '2016-04-20');
INSERT INTO `CourseCreation` (`CourseId`, `FacultyId`, `Date`) VALUES(12, 35, '2016-05-11');
INSERT INTO `CourseCreation` (`CourseId`, `FacultyId`, `Date`) VALUES(13, 25, '2016-04-23');
INSERT INTO `CourseCreation` (`CourseId`, `FacultyId`, `Date`) VALUES(14, 36, '2016-04-29');
INSERT INTO `CourseCreation` (`CourseId`, `FacultyId`, `Date`) VALUES(15, 36, '2016-01-11');
INSERT INTO `CourseCreation` (`CourseId`, `FacultyId`, `Date`) VALUES(16, 24, '2016-03-13');
INSERT INTO `CourseCreation` (`CourseId`, `FacultyId`, `Date`) VALUES(17, 32, '2016-01-12');
INSERT INTO `CourseCreation` (`CourseId`, `FacultyId`, `Date`) VALUES(18, 32, '2016-03-31');
INSERT INTO `CourseCreation` (`CourseId`, `FacultyId`, `Date`) VALUES(19, 37, '2016-03-05');
INSERT INTO `CourseCreation` (`CourseId`, `FacultyId`, `Date`) VALUES(20, 31, '2016-04-29');
INSERT INTO `CourseCreation` (`CourseId`, `FacultyId`, `Date`) VALUES(21, 37, '2016-03-03');
INSERT INTO `CourseCreation` (`CourseId`, `FacultyId`, `Date`) VALUES(22, 36, '2016-04-16');
INSERT INTO `CourseCreation` (`CourseId`, `FacultyId`, `Date`) VALUES(23, 27, '2016-01-12');
INSERT INTO `CourseCreation` (`CourseId`, `FacultyId`, `Date`) VALUES(24, 39, '2016-04-10');
INSERT INTO `CourseCreation` (`CourseId`, `FacultyId`, `Date`) VALUES(25, 40, '2016-05-12');
INSERT INTO `CourseCreation` (`CourseId`, `FacultyId`, `Date`) VALUES(26, 28, '2016-01-26');
INSERT INTO `CourseCreation` (`CourseId`, `FacultyId`, `Date`) VALUES(27, 31, '2016-05-11');

--
-- Dumping data for table `SecondaryTopics`
--

INSERT INTO `SecondaryTopics` (`CourseId`, `TopicId`) VALUES(3, 16);
INSERT INTO `SecondaryTopics` (`CourseId`, `TopicId`) VALUES(4, 17);
INSERT INTO `SecondaryTopics` (`CourseId`, `TopicId`) VALUES(6, 18);
INSERT INTO `SecondaryTopics` (`CourseId`, `TopicId`) VALUES(6, 19);
INSERT INTO `SecondaryTopics` (`CourseId`, `TopicId`) VALUES(7, 20);
INSERT INTO `SecondaryTopics` (`CourseId`, `TopicId`) VALUES(8, 22);
INSERT INTO `SecondaryTopics` (`CourseId`, `TopicId`) VALUES(9, 21);
INSERT INTO `SecondaryTopics` (`CourseId`, `TopicId`) VALUES(10, 23);
INSERT INTO `SecondaryTopics` (`CourseId`, `TopicId`) VALUES(13, 24);
INSERT INTO `SecondaryTopics` (`CourseId`, `TopicId`) VALUES(15, 25);
INSERT INTO `SecondaryTopics` (`CourseId`, `TopicId`) VALUES(19, 26);
INSERT INTO `SecondaryTopics` (`CourseId`, `TopicId`) VALUES(20, 26);
INSERT INTO `SecondaryTopics` (`CourseId`, `TopicId`) VALUES(21, 26);
INSERT INTO `SecondaryTopics` (`CourseId`, `TopicId`) VALUES(21, 27);
INSERT INTO `SecondaryTopics` (`CourseId`, `TopicId`) VALUES(24, 22);

--
-- Dumping data for table `CourseEnrollment`
--

INSERT INTO `CourseEnrollment` (`StuId`, `CourseId`, `Code`, `Date`, `Time`, `Rating`, `Certification`, `CompleteDate`, `Comment`) VALUES(243, 22, '00NT4ZZ', '2016-09-12', '14:48:00', '2', 1, '2017-03-24', 'felis sed interdum venenatis turpis enim blandit mi in porttitor pede justo eu massa donec dapibus duis at velit eu est congue elementum in hac habitasse platea dictumst morbi vestibulum velit id pretium iaculis diam erat fermentum justo nec condimentum neque sapien placerat ante nulla justo aliquam quis turpis eget elit sodales scelerisque mauris sit amet eros suspendisse accumsan tortor quis turpis sed ante vivamus tortor duis mattis egestas metus aenean fermentum donec ut mauris eget massa tempor convallis nulla neque libero convallis eget eleifend luctus ultricies eu nibh quisque id justo sit amet sapien dignissim vestibulum vestibulum ante ipsum');
INSERT INTO `CourseEnrollment` (`StuId`, `CourseId`, `Code`, `Date`, `Time`, `Rating`, `Certification`, `CompleteDate`, `Comment`) VALUES(244, 8, 'DD23HZZ', '2016-11-22', '21:47:00', '2', 1, '2017-02-19', 'erat nulla tempus vivamus in felis eu sapien cursus vestibulum proin eu mi nulla ac enim in tempor turpis nec euismod scelerisque quam turpis adipiscing');
INSERT INTO `CourseEnrollment` (`StuId`, `CourseId`, `Code`, `Date`, `Time`, `Rating`, `Certification`, `CompleteDate`, `Comment`) VALUES(245, 17, '0SRN0JZ', '2016-06-04', '13:48:00', NULL, 0, NULL, NULL);
INSERT INTO `CourseEnrollment` (`StuId`, `CourseId`, `Code`, `Date`, `Time`, `Rating`, `Certification`, `CompleteDate`, `Comment`) VALUES(246, 1, '0SBC0ZZ', '2016-12-08', '21:05:00', '4', 1, '2017-01-11', 'etiam justo etiam pretium iaculis justo in hac habitasse platea dictumst etiam faucibus cursus urna ut tellus nulla ut erat id mauris vulputate elementum nullam varius nulla facilisi cras non velit nec nisi vulputate nonummy maecenas tincidunt lacus at velit vivamus vel nulla eget eros elementum pellentesque quisque porta volutpat erat quisque erat eros viverra eget congue eget semper rutrum nulla nunc purus phasellus in');
INSERT INTO `CourseEnrollment` (`StuId`, `CourseId`, `Code`, `Date`, `Time`, `Rating`, `Certification`, `CompleteDate`, `Comment`) VALUES(246, 5, '0DBP3ZX', '2016-07-20', '13:57:00', '4', 1, '2017-06-22', 'tortor sollicitudin mi sit amet lobortis sapien sapien non mi integer ac neque duis bibendum');
INSERT INTO `CourseEnrollment` (`StuId`, `CourseId`, `Code`, `Date`, `Time`, `Rating`, `Certification`, `CompleteDate`, `Comment`) VALUES(246, 10, '10Q00YV', '2016-10-29', '11:58:00', '1', 1, '2017-08-01', 'at turpis donec posuere metus vitae ipsum aliquam non mauris morbi non lectus aliquam sit amet diam in magna bibendum imperdiet nullam orci pede venenatis non sodales sed tincidunt eu felis fusce posuere felis sed lacus morbi sem mauris laoreet ut rhoncus aliquet pulvinar sed nisl nunc rhoncus dui vel sem sed sagittis nam congue risus semper porta volutpat quam pede lobortis ligula sit amet eleifend pede libero quis orci nullam molestie nibh in lectus pellentesque at nulla suspendisse potenti cras in purus eu magna vulputate luctus cum sociis natoque penatibus et magnis dis parturient montes nascetur');
INSERT INTO `CourseEnrollment` (`StuId`, `CourseId`, `Code`, `Date`, `Time`, `Rating`, `Certification`, `CompleteDate`, `Comment`) VALUES(247, 11, '0PBV4ZX', '2016-06-17', '08:34:00', '1', 1, '2017-03-18', 'nec euismod scelerisque quam turpis adipiscing lorem vitae mattis nibh ligula nec sem duis aliquam convallis nunc proin at turpis a pede posuere nonummy integer non velit donec diam neque vestibulum eget vulputate ut ultrices vel augue vestibulum ante ipsum primis in faucibus orci luctus et ultrices posuere cubilia curae donec pharetra magna vestibulum aliquet ultrices erat tortor sollicitudin mi sit amet lobortis sapien sapien non mi integer ac neque duis bibendum morbi non quam nec');
INSERT INTO `CourseEnrollment` (`StuId`, `CourseId`, `Code`, `Date`, `Time`, `Rating`, `Certification`, `CompleteDate`, `Comment`) VALUES(247, 14, '0RW43KZ', '2016-06-12', '13:28:00', NULL, 0, NULL, NULL);
INSERT INTO `CourseEnrollment` (`StuId`, `CourseId`, `Code`, `Date`, `Time`, `Rating`, `Certification`, `CompleteDate`, `Comment`) VALUES(248, 4, '05VR3ZZ', '2016-10-05', '19:38:00', NULL, 0, NULL, NULL);
INSERT INTO `CourseEnrollment` (`StuId`, `CourseId`, `Code`, `Date`, `Time`, `Rating`, `Certification`, `CompleteDate`, `Comment`) VALUES(248, 26, '0PWV37Z', '2016-07-04', '13:19:00', NULL, 0, NULL, NULL);
INSERT INTO `CourseEnrollment` (`StuId`, `CourseId`, `Code`, `Date`, `Time`, `Rating`, `Certification`, `CompleteDate`, `Comment`) VALUES(249, 5, '0BV38ZZ', '2016-11-25', '13:26:00', NULL, 0, NULL, NULL);
INSERT INTO `CourseEnrollment` (`StuId`, `CourseId`, `Code`, `Date`, `Time`, `Rating`, `Certification`, `CompleteDate`, `Comment`) VALUES(251, 6, '7MDX4ZZ', '2017-08-19', '12:19:00', NULL, 0, NULL, NULL);
INSERT INTO `CourseEnrollment` (`StuId`, `CourseId`, `Code`, `Date`, `Time`, `Rating`, `Certification`, `CompleteDate`, `Comment`) VALUES(251, 11, '0HQUXZZ', '2016-08-21', '21:59:00', '4', 1, '2017-04-19', 'id justo sit amet sapien dignissim vestibulum vestibulum ante ipsum primis in faucibus orci luctus et ultrices posuere cubilia curae nulla dapibus dolor vel est donec odio justo sollicitudin ut suscipit a feugiat et eros vestibulum ac est lacinia nisi venenatis tristique fusce congue diam id ornare');
INSERT INTO `CourseEnrollment` (`StuId`, `CourseId`, `Code`, `Date`, `Time`, `Rating`, `Certification`, `CompleteDate`, `Comment`) VALUES(251, 18, '0KN00ZZ', '2016-10-21', '10:00:00', NULL, 0, NULL, NULL);
INSERT INTO `CourseEnrollment` (`StuId`, `CourseId`, `Code`, `Date`, `Time`, `Rating`, `Certification`, `CompleteDate`, `Comment`) VALUES(251, 19, '0NB53ZZ', '2016-09-13', '23:44:00', NULL, 0, NULL, NULL);
INSERT INTO `CourseEnrollment` (`StuId`, `CourseId`, `Code`, `Date`, `Time`, `Rating`, `Certification`, `CompleteDate`, `Comment`) VALUES(253, 9, '0RUK3JZ', '2016-11-01', '15:31:00', '2', 1, '2017-09-22', 'interdum mauris non ligula pellentesque ultrices phasellus id sapien in sapien iaculis congue vivamus metus arcu adipiscing molestie hendrerit at vulputate vitae nisl aenean lectus pellentesque eget nunc donec quis orci eget orci vehicula condimentum curabitur in libero ut massa volutpat convallis morbi odio odio elementum eu interdum eu tincidunt in leo maecenas pulvinar lobortis est phasellus sit amet erat nulla tempus vivamus in felis eu sapien cursus vestibulum proin eu mi nulla ac enim in tempor turpis');
INSERT INTO `CourseEnrollment` (`StuId`, `CourseId`, `Code`, `Date`, `Time`, `Rating`, `Certification`, `CompleteDate`, `Comment`) VALUES(254, 7, '0D9A8ZX', '2016-06-16', '14:36:00', NULL, 0, NULL, NULL);
INSERT INTO `CourseEnrollment` (`StuId`, `CourseId`, `Code`, `Date`, `Time`, `Rating`, `Certification`, `CompleteDate`, `Comment`) VALUES(255, 3, '0LU147Z', '2016-10-13', '16:07:00', NULL, 0, NULL, NULL);
INSERT INTO `CourseEnrollment` (`StuId`, `CourseId`, `Code`, `Date`, `Time`, `Rating`, `Certification`, `CompleteDate`, `Comment`) VALUES(256, 4, '0JQ00ZZ', '2016-09-30', '21:38:00', '2', 1, '2017-01-23', 'nisl nunc nisl duis bibendum felis sed interdum venenatis turpis enim blandit mi in porttitor pede justo eu massa donec dapibus duis at velit eu est congue elementum in hac habitasse platea dictumst morbi vestibulum velit id pretium iaculis diam erat fermentum justo nec condimentum neque sapien placerat ante nulla justo');
INSERT INTO `CourseEnrollment` (`StuId`, `CourseId`, `Code`, `Date`, `Time`, `Rating`, `Certification`, `CompleteDate`, `Comment`) VALUES(256, 6, '09DX4ZZ', '2016-08-19', '12:10:00', NULL, 0, NULL, NULL);
INSERT INTO `CourseEnrollment` (`StuId`, `CourseId`, `Code`, `Date`, `Time`, `Rating`, `Certification`, `CompleteDate`, `Comment`) VALUES(256, 25, '037504Z', '2016-07-22', '12:53:00', '1', 1, '2017-02-14', 'vel nisl duis ac nibh fusce lacus purus aliquet at feugiat non pretium quis lectus suspendisse potenti in eleifend quam a odio in hac habitasse platea dictumst maecenas ut massa quis augue luctus tincidunt nulla mollis molestie lorem quisque ut erat curabitur gravida nisi at nibh in hac habitasse platea dictumst aliquam augue quam sollicitudin vitae consectetuer eget rutrum at lorem integer tincidunt ante vel ipsum praesent blandit lacinia erat vestibulum sed magna at nunc commodo placerat praesent blandit nam nulla integer pede justo lacinia eget tincidunt eget tempus');
INSERT INTO `CourseEnrollment` (`StuId`, `CourseId`, `Code`, `Date`, `Time`, `Rating`, `Certification`, `CompleteDate`, `Comment`) VALUES(256, 26, '0RST44Z', '2016-07-22', '19:51:00', NULL, 0, NULL, NULL);
INSERT INTO `CourseEnrollment` (`StuId`, `CourseId`, `Code`, `Date`, `Time`, `Rating`, `Certification`, `CompleteDate`, `Comment`) VALUES(257, 16, '0QHB05Z', '2016-08-13', '18:01:00', NULL, 0, NULL, NULL);
INSERT INTO `CourseEnrollment` (`StuId`, `CourseId`, `Code`, `Date`, `Time`, `Rating`, `Certification`, `CompleteDate`, `Comment`) VALUES(259, 26, 'F01N0FZ', '2016-07-22', '16:08:00', NULL, 0, NULL, NULL);
INSERT INTO `CourseEnrollment` (`StuId`, `CourseId`, `Code`, `Date`, `Time`, `Rating`, `Certification`, `CompleteDate`, `Comment`) VALUES(263, 2, '30260W0', '2016-11-03', '09:04:00', '5', 1, '2017-10-12', 'mauris laoreet ut rhoncus aliquet pulvinar sed nisl nunc rhoncus dui vel sem sed sagittis nam congue risus semper porta volutpat quam pede lobortis ligula sit amet eleifend pede libero quis orci nullam molestie nibh in lectus pellentesque at nulla suspendisse potenti cras in purus eu magna vulputate luctus cum sociis natoque penatibus et magnis dis parturient montes nascetur ridiculus mus vivamus vestibulum sagittis sapien cum sociis natoque penatibus et magnis dis parturient montes nascetur ridiculus mus etiam vel augue vestibulum rutrum rutrum');
INSERT INTO `CourseEnrollment` (`StuId`, `CourseId`, `Code`, `Date`, `Time`, `Rating`, `Certification`, `CompleteDate`, `Comment`) VALUES(263, 7, '04UR07Z', '2016-07-09', '20:33:00', NULL, 0, NULL, NULL);
INSERT INTO `CourseEnrollment` (`StuId`, `CourseId`, `Code`, `Date`, `Time`, `Rating`, `Certification`, `CompleteDate`, `Comment`) VALUES(263, 14, 'D9062ZZ', '2016-12-30', '18:40:00', NULL, 0, NULL, NULL);
INSERT INTO `CourseEnrollment` (`StuId`, `CourseId`, `Code`, `Date`, `Time`, `Rating`, `Certification`, `CompleteDate`, `Comment`) VALUES(264, 9, '049K0ZX', '2016-11-20', '10:52:00', NULL, 0, NULL, NULL);
INSERT INTO `CourseEnrollment` (`StuId`, `CourseId`, `Code`, `Date`, `Time`, `Rating`, `Certification`, `CompleteDate`, `Comment`) VALUES(264, 23, '0LQ14ZZ', '2016-12-05', '14:00:00', '1', 1, '2017-06-10', 'sollicitudin vitae consectetuer eget rutrum at lorem integer tincidunt ante vel ipsum praesent blandit lacinia erat vestibulum sed magna at nunc commodo placerat praesent blandit nam nulla integer pede justo lacinia eget tincidunt eget tempus vel pede morbi porttitor lorem id ligula suspendisse ornare consequat lectus in est risus auctor sed tristique in tempus sit amet');
INSERT INTO `CourseEnrollment` (`StuId`, `CourseId`, `Code`, `Date`, `Time`, `Rating`, `Certification`, `CompleteDate`, `Comment`) VALUES(265, 8, 'B31R010', '2016-06-16', '09:06:00', NULL, 0, NULL, NULL);
INSERT INTO `CourseEnrollment` (`StuId`, `CourseId`, `Code`, `Date`, `Time`, `Rating`, `Certification`, `CompleteDate`, `Comment`) VALUES(265, 23, '019530Z', '2016-11-06', '08:32:00', NULL, 0, NULL, NULL);

--
-- Dumping data for table `CourseInterest`
--

INSERT INTO `CourseInterest` (`CourseId`, `StuId`) VALUES(1, 241);
INSERT INTO `CourseInterest` (`CourseId`, `StuId`) VALUES(1, 242);
INSERT INTO `CourseInterest` (`CourseId`, `StuId`) VALUES(1, 244);
INSERT INTO `CourseInterest` (`CourseId`, `StuId`) VALUES(1, 245);
INSERT INTO `CourseInterest` (`CourseId`, `StuId`) VALUES(1, 247);
INSERT INTO `CourseInterest` (`CourseId`, `StuId`) VALUES(1, 266);
INSERT INTO `CourseInterest` (`CourseId`, `StuId`) VALUES(1, 270);
INSERT INTO `CourseInterest` (`CourseId`, `StuId`) VALUES(1, 277);
INSERT INTO `CourseInterest` (`CourseId`, `StuId`) VALUES(1, 291);
INSERT INTO `CourseInterest` (`CourseId`, `StuId`) VALUES(2, 241);
INSERT INTO `CourseInterest` (`CourseId`, `StuId`) VALUES(2, 242);
INSERT INTO `CourseInterest` (`CourseId`, `StuId`) VALUES(2, 245);
INSERT INTO `CourseInterest` (`CourseId`, `StuId`) VALUES(2, 247);
INSERT INTO `CourseInterest` (`CourseId`, `StuId`) VALUES(2, 259);
INSERT INTO `CourseInterest` (`CourseId`, `StuId`) VALUES(2, 260);
INSERT INTO `CourseInterest` (`CourseId`, `StuId`) VALUES(2, 267);
INSERT INTO `CourseInterest` (`CourseId`, `StuId`) VALUES(3, 241);
INSERT INTO `CourseInterest` (`CourseId`, `StuId`) VALUES(3, 243);
INSERT INTO `CourseInterest` (`CourseId`, `StuId`) VALUES(3, 247);
INSERT INTO `CourseInterest` (`CourseId`, `StuId`) VALUES(3, 258);
INSERT INTO `CourseInterest` (`CourseId`, `StuId`) VALUES(3, 266);
INSERT INTO `CourseInterest` (`CourseId`, `StuId`) VALUES(3, 268);
INSERT INTO `CourseInterest` (`CourseId`, `StuId`) VALUES(4, 242);
INSERT INTO `CourseInterest` (`CourseId`, `StuId`) VALUES(4, 244);
INSERT INTO `CourseInterest` (`CourseId`, `StuId`) VALUES(4, 245);
INSERT INTO `CourseInterest` (`CourseId`, `StuId`) VALUES(4, 261);
INSERT INTO `CourseInterest` (`CourseId`, `StuId`) VALUES(4, 269);
INSERT INTO `CourseInterest` (`CourseId`, `StuId`) VALUES(4, 284);
INSERT INTO `CourseInterest` (`CourseId`, `StuId`) VALUES(5, 243);
INSERT INTO `CourseInterest` (`CourseId`, `StuId`) VALUES(5, 245);
INSERT INTO `CourseInterest` (`CourseId`, `StuId`) VALUES(5, 246);
INSERT INTO `CourseInterest` (`CourseId`, `StuId`) VALUES(5, 258);
INSERT INTO `CourseInterest` (`CourseId`, `StuId`) VALUES(5, 270);
INSERT INTO `CourseInterest` (`CourseId`, `StuId`) VALUES(5, 291);
INSERT INTO `CourseInterest` (`CourseId`, `StuId`) VALUES(6, 243);
INSERT INTO `CourseInterest` (`CourseId`, `StuId`) VALUES(6, 245);
INSERT INTO `CourseInterest` (`CourseId`, `StuId`) VALUES(6, 246);
INSERT INTO `CourseInterest` (`CourseId`, `StuId`) VALUES(6, 271);
INSERT INTO `CourseInterest` (`CourseId`, `StuId`) VALUES(6, 278);
INSERT INTO `CourseInterest` (`CourseId`, `StuId`) VALUES(6, 292);
INSERT INTO `CourseInterest` (`CourseId`, `StuId`) VALUES(7, 259);
INSERT INTO `CourseInterest` (`CourseId`, `StuId`) VALUES(7, 262);
INSERT INTO `CourseInterest` (`CourseId`, `StuId`) VALUES(7, 266);
INSERT INTO `CourseInterest` (`CourseId`, `StuId`) VALUES(7, 270);
INSERT INTO `CourseInterest` (`CourseId`, `StuId`) VALUES(7, 272);
INSERT INTO `CourseInterest` (`CourseId`, `StuId`) VALUES(7, 273);
INSERT INTO `CourseInterest` (`CourseId`, `StuId`) VALUES(7, 291);
INSERT INTO `CourseInterest` (`CourseId`, `StuId`) VALUES(7, 293);
INSERT INTO `CourseInterest` (`CourseId`, `StuId`) VALUES(8, 247);
INSERT INTO `CourseInterest` (`CourseId`, `StuId`) VALUES(8, 248);
INSERT INTO `CourseInterest` (`CourseId`, `StuId`) VALUES(8, 253);
INSERT INTO `CourseInterest` (`CourseId`, `StuId`) VALUES(8, 259);
INSERT INTO `CourseInterest` (`CourseId`, `StuId`) VALUES(8, 273);
INSERT INTO `CourseInterest` (`CourseId`, `StuId`) VALUES(8, 286);
INSERT INTO `CourseInterest` (`CourseId`, `StuId`) VALUES(9, 244);
INSERT INTO `CourseInterest` (`CourseId`, `StuId`) VALUES(9, 246);
INSERT INTO `CourseInterest` (`CourseId`, `StuId`) VALUES(9, 247);
INSERT INTO `CourseInterest` (`CourseId`, `StuId`) VALUES(9, 249);
INSERT INTO `CourseInterest` (`CourseId`, `StuId`) VALUES(9, 266);
INSERT INTO `CourseInterest` (`CourseId`, `StuId`) VALUES(9, 267);
INSERT INTO `CourseInterest` (`CourseId`, `StuId`) VALUES(9, 274);
INSERT INTO `CourseInterest` (`CourseId`, `StuId`) VALUES(9, 295);
INSERT INTO `CourseInterest` (`CourseId`, `StuId`) VALUES(10, 245);
INSERT INTO `CourseInterest` (`CourseId`, `StuId`) VALUES(10, 251);
INSERT INTO `CourseInterest` (`CourseId`, `StuId`) VALUES(10, 259);
INSERT INTO `CourseInterest` (`CourseId`, `StuId`) VALUES(10, 275);
INSERT INTO `CourseInterest` (`CourseId`, `StuId`) VALUES(10, 296);
INSERT INTO `CourseInterest` (`CourseId`, `StuId`) VALUES(11, 245);
INSERT INTO `CourseInterest` (`CourseId`, `StuId`) VALUES(11, 246);
INSERT INTO `CourseInterest` (`CourseId`, `StuId`) VALUES(11, 251);
INSERT INTO `CourseInterest` (`CourseId`, `StuId`) VALUES(11, 297);
INSERT INTO `CourseInterest` (`CourseId`, `StuId`) VALUES(12, 246);
INSERT INTO `CourseInterest` (`CourseId`, `StuId`) VALUES(12, 258);
INSERT INTO `CourseInterest` (`CourseId`, `StuId`) VALUES(12, 277);
INSERT INTO `CourseInterest` (`CourseId`, `StuId`) VALUES(12, 280);
INSERT INTO `CourseInterest` (`CourseId`, `StuId`) VALUES(13, 246);
INSERT INTO `CourseInterest` (`CourseId`, `StuId`) VALUES(13, 253);
INSERT INTO `CourseInterest` (`CourseId`, `StuId`) VALUES(13, 255);
INSERT INTO `CourseInterest` (`CourseId`, `StuId`) VALUES(13, 278);
INSERT INTO `CourseInterest` (`CourseId`, `StuId`) VALUES(13, 299);
INSERT INTO `CourseInterest` (`CourseId`, `StuId`) VALUES(14, 254);
INSERT INTO `CourseInterest` (`CourseId`, `StuId`) VALUES(14, 255);
INSERT INTO `CourseInterest` (`CourseId`, `StuId`) VALUES(14, 256);
INSERT INTO `CourseInterest` (`CourseId`, `StuId`) VALUES(14, 259);
INSERT INTO `CourseInterest` (`CourseId`, `StuId`) VALUES(14, 279);
INSERT INTO `CourseInterest` (`CourseId`, `StuId`) VALUES(14, 300);
INSERT INTO `CourseInterest` (`CourseId`, `StuId`) VALUES(15, 255);
INSERT INTO `CourseInterest` (`CourseId`, `StuId`) VALUES(15, 259);
INSERT INTO `CourseInterest` (`CourseId`, `StuId`) VALUES(15, 280);
INSERT INTO `CourseInterest` (`CourseId`, `StuId`) VALUES(15, 301);
INSERT INTO `CourseInterest` (`CourseId`, `StuId`) VALUES(16, 249);
INSERT INTO `CourseInterest` (`CourseId`, `StuId`) VALUES(16, 256);
INSERT INTO `CourseInterest` (`CourseId`, `StuId`) VALUES(16, 281);
INSERT INTO `CourseInterest` (`CourseId`, `StuId`) VALUES(16, 302);
INSERT INTO `CourseInterest` (`CourseId`, `StuId`) VALUES(17, 249);
INSERT INTO `CourseInterest` (`CourseId`, `StuId`) VALUES(17, 257);
INSERT INTO `CourseInterest` (`CourseId`, `StuId`) VALUES(17, 279);
INSERT INTO `CourseInterest` (`CourseId`, `StuId`) VALUES(17, 302);
INSERT INTO `CourseInterest` (`CourseId`, `StuId`) VALUES(18, 255);
INSERT INTO `CourseInterest` (`CourseId`, `StuId`) VALUES(18, 258);
INSERT INTO `CourseInterest` (`CourseId`, `StuId`) VALUES(18, 304);
INSERT INTO `CourseInterest` (`CourseId`, `StuId`) VALUES(19, 255);
INSERT INTO `CourseInterest` (`CourseId`, `StuId`) VALUES(19, 259);
INSERT INTO `CourseInterest` (`CourseId`, `StuId`) VALUES(19, 284);
INSERT INTO `CourseInterest` (`CourseId`, `StuId`) VALUES(20, 249);
INSERT INTO `CourseInterest` (`CourseId`, `StuId`) VALUES(20, 251);
INSERT INTO `CourseInterest` (`CourseId`, `StuId`) VALUES(20, 260);
INSERT INTO `CourseInterest` (`CourseId`, `StuId`) VALUES(20, 271);
INSERT INTO `CourseInterest` (`CourseId`, `StuId`) VALUES(20, 285);
INSERT INTO `CourseInterest` (`CourseId`, `StuId`) VALUES(21, 249);
INSERT INTO `CourseInterest` (`CourseId`, `StuId`) VALUES(21, 261);
INSERT INTO `CourseInterest` (`CourseId`, `StuId`) VALUES(21, 286);
INSERT INTO `CourseInterest` (`CourseId`, `StuId`) VALUES(21, 299);
INSERT INTO `CourseInterest` (`CourseId`, `StuId`) VALUES(21, 307);
INSERT INTO `CourseInterest` (`CourseId`, `StuId`) VALUES(22, 249);
INSERT INTO `CourseInterest` (`CourseId`, `StuId`) VALUES(22, 262);
INSERT INTO `CourseInterest` (`CourseId`, `StuId`) VALUES(22, 274);
INSERT INTO `CourseInterest` (`CourseId`, `StuId`) VALUES(22, 287);
INSERT INTO `CourseInterest` (`CourseId`, `StuId`) VALUES(23, 263);
INSERT INTO `CourseInterest` (`CourseId`, `StuId`) VALUES(23, 309);
INSERT INTO `CourseInterest` (`CourseId`, `StuId`) VALUES(24, 254);
INSERT INTO `CourseInterest` (`CourseId`, `StuId`) VALUES(24, 263);
INSERT INTO `CourseInterest` (`CourseId`, `StuId`) VALUES(24, 264);
INSERT INTO `CourseInterest` (`CourseId`, `StuId`) VALUES(24, 272);
INSERT INTO `CourseInterest` (`CourseId`, `StuId`) VALUES(24, 277);
INSERT INTO `CourseInterest` (`CourseId`, `StuId`) VALUES(24, 289);
INSERT INTO `CourseInterest` (`CourseId`, `StuId`) VALUES(25, 251);
INSERT INTO `CourseInterest` (`CourseId`, `StuId`) VALUES(25, 254);
INSERT INTO `CourseInterest` (`CourseId`, `StuId`) VALUES(25, 265);
INSERT INTO `CourseInterest` (`CourseId`, `StuId`) VALUES(25, 294);
INSERT INTO `CourseInterest` (`CourseId`, `StuId`) VALUES(25, 304);

--
-- Dumping data for table `CourseMaterial`
--

INSERT INTO `CourseMaterial` (`MaterialId`, `CourseId`, `OrderId`, `Name`) VALUES(1, 1, 1, 'Software Activities and Processes ');
INSERT INTO `CourseMaterial` (`MaterialId`, `CourseId`, `OrderId`, `Name`) VALUES(2, 1, 2, 'Object-Oriented Programming');
INSERT INTO `CourseMaterial` (`MaterialId`, `CourseId`, `OrderId`, `Name`) VALUES(3, 1, 3, 'Correctness, Safety, and Liveness ');
INSERT INTO `CourseMaterial` (`MaterialId`, `CourseId`, `OrderId`, `Name`) VALUES(4, 1, 4, 'Reliability and Security');
INSERT INTO `CourseMaterial` (`MaterialId`, `CourseId`, `OrderId`, `Name`) VALUES(5, 2, 1, 'Introduction To HTML 5 Section');
INSERT INTO `CourseMaterial` (`MaterialId`, `CourseId`, `OrderId`, `Name`) VALUES(6, 2, 2, 'Introduction To CSS 3 Section');
INSERT INTO `CourseMaterial` (`MaterialId`, `CourseId`, `OrderId`, `Name`) VALUES(7, 2, 3, 'Introduction To Javascript Section');
INSERT INTO `CourseMaterial` (`MaterialId`, `CourseId`, `OrderId`, `Name`) VALUES(8, 2, 4, 'Introduction To jQuery Section');
INSERT INTO `CourseMaterial` (`MaterialId`, `CourseId`, `OrderId`, `Name`) VALUES(9, 2, 5, 'Introduction To Bootstrap 4 Section');
INSERT INTO `CourseMaterial` (`MaterialId`, `CourseId`, `OrderId`, `Name`) VALUES(10, 3, 1, 'Introduction and The Goal of This Course');
INSERT INTO `CourseMaterial` (`MaterialId`, `CourseId`, `OrderId`, `Name`) VALUES(11, 3, 2, 'Requirements');
INSERT INTO `CourseMaterial` (`MaterialId`, `CourseId`, `OrderId`, `Name`) VALUES(12, 3, 3, 'A Side Note');
INSERT INTO `CourseMaterial` (`MaterialId`, `CourseId`, `OrderId`, `Name`) VALUES(13, 4, 1, 'The Problem(s) AngularJS is Trying to Solve Preview');
INSERT INTO `CourseMaterial` (`MaterialId`, `CourseId`, `OrderId`, `Name`) VALUES(14, 4, 2, 'Downloading Source Code for This Course');
INSERT INTO `CourseMaterial` (`MaterialId`, `CourseId`, `OrderId`, `Name`) VALUES(15, 4, 3, 'How Does Angular Do Dependency Injection?');
INSERT INTO `CourseMaterial` (`MaterialId`, `CourseId`, `OrderId`, `Name`) VALUES(16, 4, 4, 'A Side Note');
INSERT INTO `CourseMaterial` (`MaterialId`, `CourseId`, `OrderId`, `Name`) VALUES(17, 5, 1, 'Why Do We Use Build Tools?');
INSERT INTO `CourseMaterial` (`MaterialId`, `CourseId`, `OrderId`, `Name`) VALUES(18, 5, 2, 'Introduction to Code Splitting');
INSERT INTO `CourseMaterial` (`MaterialId`, `CourseId`, `OrderId`, `Name`) VALUES(19, 5, 3, 'Deployment of Servers');
INSERT INTO `CourseMaterial` (`MaterialId`, `CourseId`, `OrderId`, `Name`) VALUES(20, 6, 1, 'lectus');
INSERT INTO `CourseMaterial` (`MaterialId`, `CourseId`, `OrderId`, `Name`) VALUES(21, 6, 2, 'tempus semper est quam');
INSERT INTO `CourseMaterial` (`MaterialId`, `CourseId`, `OrderId`, `Name`) VALUES(22, 6, 3, 'placerat ante');
INSERT INTO `CourseMaterial` (`MaterialId`, `CourseId`, `OrderId`, `Name`) VALUES(23, 6, 4, 'luctus et ultrices posuere cubilia curae duis');
INSERT INTO `CourseMaterial` (`MaterialId`, `CourseId`, `OrderId`, `Name`) VALUES(24, 6, 5, 'tempus sit');
INSERT INTO `CourseMaterial` (`MaterialId`, `CourseId`, `OrderId`, `Name`) VALUES(25, 6, 6, 'tincidunt nulla mollis molestie lorem quisque ut');
INSERT INTO `CourseMaterial` (`MaterialId`, `CourseId`, `OrderId`, `Name`) VALUES(26, 6, 7, 'feugiat non pretium quis lectus suspendisse');
INSERT INTO `CourseMaterial` (`MaterialId`, `CourseId`, `OrderId`, `Name`) VALUES(27, 6, 8, 'ultrices enim lorem ipsum dolor');
INSERT INTO `CourseMaterial` (`MaterialId`, `CourseId`, `OrderId`, `Name`) VALUES(28, 6, 9, 'ultrices enim lorem ipsum dolor sit amet');
INSERT INTO `CourseMaterial` (`MaterialId`, `CourseId`, `OrderId`, `Name`) VALUES(29, 6, 10, 'integer');
INSERT INTO `CourseMaterial` (`MaterialId`, `CourseId`, `OrderId`, `Name`) VALUES(30, 7, 1, 'nunc nisl duis bibendum');
INSERT INTO `CourseMaterial` (`MaterialId`, `CourseId`, `OrderId`, `Name`) VALUES(31, 7, 2, 'molestie sed justo pellentesque viverra');
INSERT INTO `CourseMaterial` (`MaterialId`, `CourseId`, `OrderId`, `Name`) VALUES(32, 7, 3, 'eget massa tempor');
INSERT INTO `CourseMaterial` (`MaterialId`, `CourseId`, `OrderId`, `Name`) VALUES(33, 7, 4, 'tristique in');
INSERT INTO `CourseMaterial` (`MaterialId`, `CourseId`, `OrderId`, `Name`) VALUES(34, 7, 5, 'proin leo odio porttitor id consequat in');
INSERT INTO `CourseMaterial` (`MaterialId`, `CourseId`, `OrderId`, `Name`) VALUES(35, 7, 6, 'cubilia curae donec pharetra magna');
INSERT INTO `CourseMaterial` (`MaterialId`, `CourseId`, `OrderId`, `Name`) VALUES(36, 7, 7, 'mattis pulvinar nulla pede ullamcorper');
INSERT INTO `CourseMaterial` (`MaterialId`, `CourseId`, `OrderId`, `Name`) VALUES(37, 7, 8, 'posuere');
INSERT INTO `CourseMaterial` (`MaterialId`, `CourseId`, `OrderId`, `Name`) VALUES(38, 7, 9, 'pede malesuada in imperdiet et commodo vulputate');
INSERT INTO `CourseMaterial` (`MaterialId`, `CourseId`, `OrderId`, `Name`) VALUES(39, 7, 10, 'vulputate vitae nisl');
INSERT INTO `CourseMaterial` (`MaterialId`, `CourseId`, `OrderId`, `Name`) VALUES(40, 7, 11, 'aenean sit amet');
INSERT INTO `CourseMaterial` (`MaterialId`, `CourseId`, `OrderId`, `Name`) VALUES(41, 7, 12, 'magnis dis');
INSERT INTO `CourseMaterial` (`MaterialId`, `CourseId`, `OrderId`, `Name`) VALUES(42, 8, 1, 'leo odio porttitor id consequat in consequat');
INSERT INTO `CourseMaterial` (`MaterialId`, `CourseId`, `OrderId`, `Name`) VALUES(43, 8, 2, 'erat volutpat in congue');
INSERT INTO `CourseMaterial` (`MaterialId`, `CourseId`, `OrderId`, `Name`) VALUES(44, 8, 3, 'in hac habitasse platea dictumst aliquam');
INSERT INTO `CourseMaterial` (`MaterialId`, `CourseId`, `OrderId`, `Name`) VALUES(45, 8, 4, 'id pretium iaculis diam');
INSERT INTO `CourseMaterial` (`MaterialId`, `CourseId`, `OrderId`, `Name`) VALUES(46, 8, 5, 'amet');
INSERT INTO `CourseMaterial` (`MaterialId`, `CourseId`, `OrderId`, `Name`) VALUES(47, 8, 6, 'donec ut mauris');
INSERT INTO `CourseMaterial` (`MaterialId`, `CourseId`, `OrderId`, `Name`) VALUES(48, 8, 7, 'nibh fusce lacus purus');
INSERT INTO `CourseMaterial` (`MaterialId`, `CourseId`, `OrderId`, `Name`) VALUES(49, 8, 8, 'donec');
INSERT INTO `CourseMaterial` (`MaterialId`, `CourseId`, `OrderId`, `Name`) VALUES(50, 8, 9, 'nulla nisl nunc nisl duis');
INSERT INTO `CourseMaterial` (`MaterialId`, `CourseId`, `OrderId`, `Name`) VALUES(51, 9, 1, 'in felis eu sapien');
INSERT INTO `CourseMaterial` (`MaterialId`, `CourseId`, `OrderId`, `Name`) VALUES(52, 9, 2, 'non ligula pellentesque ultrices phasellus');
INSERT INTO `CourseMaterial` (`MaterialId`, `CourseId`, `OrderId`, `Name`) VALUES(53, 9, 3, 'justo');
INSERT INTO `CourseMaterial` (`MaterialId`, `CourseId`, `OrderId`, `Name`) VALUES(54, 9, 4, 'lobortis ligula sit amet');
INSERT INTO `CourseMaterial` (`MaterialId`, `CourseId`, `OrderId`, `Name`) VALUES(55, 9, 5, 'viverra');
INSERT INTO `CourseMaterial` (`MaterialId`, `CourseId`, `OrderId`, `Name`) VALUES(56, 9, 6, 'nulla');
INSERT INTO `CourseMaterial` (`MaterialId`, `CourseId`, `OrderId`, `Name`) VALUES(57, 9, 7, 'orci nullam molestie nibh in lectus pellentesque');
INSERT INTO `CourseMaterial` (`MaterialId`, `CourseId`, `OrderId`, `Name`) VALUES(58, 9, 8, 'convallis eget eleifend luctus ultricies eu');
INSERT INTO `CourseMaterial` (`MaterialId`, `CourseId`, `OrderId`, `Name`) VALUES(59, 9, 9, 'quam turpis');
INSERT INTO `CourseMaterial` (`MaterialId`, `CourseId`, `OrderId`, `Name`) VALUES(60, 9, 10, 'nunc commodo placerat praesent');
INSERT INTO `CourseMaterial` (`MaterialId`, `CourseId`, `OrderId`, `Name`) VALUES(61, 9, 11, 'in purus eu magna vulputate');
INSERT INTO `CourseMaterial` (`MaterialId`, `CourseId`, `OrderId`, `Name`) VALUES(62, 9, 12, 'vivamus vestibulum sagittis');
INSERT INTO `CourseMaterial` (`MaterialId`, `CourseId`, `OrderId`, `Name`) VALUES(63, 9, 13, 'suspendisse accumsan tortor quis turpis');
INSERT INTO `CourseMaterial` (`MaterialId`, `CourseId`, `OrderId`, `Name`) VALUES(64, 10, 1, 'in leo maecenas pulvinar lobortis est');
INSERT INTO `CourseMaterial` (`MaterialId`, `CourseId`, `OrderId`, `Name`) VALUES(65, 10, 2, 'commodo vulputate justo');
INSERT INTO `CourseMaterial` (`MaterialId`, `CourseId`, `OrderId`, `Name`) VALUES(66, 10, 3, 'sed tincidunt eu felis');
INSERT INTO `CourseMaterial` (`MaterialId`, `CourseId`, `OrderId`, `Name`) VALUES(67, 10, 4, 'pretium nisl ut volutpat sapien arcu');
INSERT INTO `CourseMaterial` (`MaterialId`, `CourseId`, `OrderId`, `Name`) VALUES(68, 10, 5, 'condimentum');
INSERT INTO `CourseMaterial` (`MaterialId`, `CourseId`, `OrderId`, `Name`) VALUES(69, 10, 6, 'tortor');
INSERT INTO `CourseMaterial` (`MaterialId`, `CourseId`, `OrderId`, `Name`) VALUES(70, 10, 7, 'lacus at');
INSERT INTO `CourseMaterial` (`MaterialId`, `CourseId`, `OrderId`, `Name`) VALUES(71, 10, 8, 'rhoncus aliquam lacus');
INSERT INTO `CourseMaterial` (`MaterialId`, `CourseId`, `OrderId`, `Name`) VALUES(72, 10, 9, 'pellentesque ultrices mattis odio donec');
INSERT INTO `CourseMaterial` (`MaterialId`, `CourseId`, `OrderId`, `Name`) VALUES(73, 10, 10, 'duis bibendum morbi non quam nec dui');
INSERT INTO `CourseMaterial` (`MaterialId`, `CourseId`, `OrderId`, `Name`) VALUES(74, 11, 1, 'sit amet eros suspendisse accumsan tortor quis');
INSERT INTO `CourseMaterial` (`MaterialId`, `CourseId`, `OrderId`, `Name`) VALUES(75, 11, 2, 'molestie sed');
INSERT INTO `CourseMaterial` (`MaterialId`, `CourseId`, `OrderId`, `Name`) VALUES(76, 11, 3, 'aliquet ultrices erat tortor sollicitudin mi');
INSERT INTO `CourseMaterial` (`MaterialId`, `CourseId`, `OrderId`, `Name`) VALUES(77, 11, 4, 'a nibh in quis justo maecenas');
INSERT INTO `CourseMaterial` (`MaterialId`, `CourseId`, `OrderId`, `Name`) VALUES(78, 11, 5, 'tempus');
INSERT INTO `CourseMaterial` (`MaterialId`, `CourseId`, `OrderId`, `Name`) VALUES(79, 11, 6, 'lacus morbi quis');
INSERT INTO `CourseMaterial` (`MaterialId`, `CourseId`, `OrderId`, `Name`) VALUES(80, 11, 7, 'sed augue aliquam');
INSERT INTO `CourseMaterial` (`MaterialId`, `CourseId`, `OrderId`, `Name`) VALUES(81, 11, 8, 'magna');
INSERT INTO `CourseMaterial` (`MaterialId`, `CourseId`, `OrderId`, `Name`) VALUES(82, 12, 1, 'in sagittis dui vel');
INSERT INTO `CourseMaterial` (`MaterialId`, `CourseId`, `OrderId`, `Name`) VALUES(83, 12, 2, 'ante ipsum primis in faucibus orci luctus');
INSERT INTO `CourseMaterial` (`MaterialId`, `CourseId`, `OrderId`, `Name`) VALUES(84, 12, 3, 'lorem quisque ut erat curabitur gravida');
INSERT INTO `CourseMaterial` (`MaterialId`, `CourseId`, `OrderId`, `Name`) VALUES(85, 12, 4, 'lacus purus');
INSERT INTO `CourseMaterial` (`MaterialId`, `CourseId`, `OrderId`, `Name`) VALUES(86, 12, 5, 'cursus vestibulum proin eu mi');
INSERT INTO `CourseMaterial` (`MaterialId`, `CourseId`, `OrderId`, `Name`) VALUES(87, 12, 6, 'amet sapien dignissim vestibulum');
INSERT INTO `CourseMaterial` (`MaterialId`, `CourseId`, `OrderId`, `Name`) VALUES(88, 12, 7, 'pulvinar nulla');
INSERT INTO `CourseMaterial` (`MaterialId`, `CourseId`, `OrderId`, `Name`) VALUES(89, 12, 8, 'vivamus tortor duis');
INSERT INTO `CourseMaterial` (`MaterialId`, `CourseId`, `OrderId`, `Name`) VALUES(90, 12, 9, 'duis bibendum felis');
INSERT INTO `CourseMaterial` (`MaterialId`, `CourseId`, `OrderId`, `Name`) VALUES(91, 12, 10, 'nam ultrices libero non mattis pulvinar nulla');
INSERT INTO `CourseMaterial` (`MaterialId`, `CourseId`, `OrderId`, `Name`) VALUES(92, 12, 11, 'mauris lacinia');
INSERT INTO `CourseMaterial` (`MaterialId`, `CourseId`, `OrderId`, `Name`) VALUES(93, 12, 12, 'pede');
INSERT INTO `CourseMaterial` (`MaterialId`, `CourseId`, `OrderId`, `Name`) VALUES(94, 12, 13, 'at vulputate vitae nisl aenean lectus pellentesque');
INSERT INTO `CourseMaterial` (`MaterialId`, `CourseId`, `OrderId`, `Name`) VALUES(95, 12, 14, 'ornare consequat');
INSERT INTO `CourseMaterial` (`MaterialId`, `CourseId`, `OrderId`, `Name`) VALUES(96, 13, 1, 'amet eros');
INSERT INTO `CourseMaterial` (`MaterialId`, `CourseId`, `OrderId`, `Name`) VALUES(97, 13, 2, 'eleifend donec ut dolor morbi vel');
INSERT INTO `CourseMaterial` (`MaterialId`, `CourseId`, `OrderId`, `Name`) VALUES(98, 13, 3, 'lacus morbi quis tortor id nulla');
INSERT INTO `CourseMaterial` (`MaterialId`, `CourseId`, `OrderId`, `Name`) VALUES(99, 13, 4, 'apple');
INSERT INTO `CourseMaterial` (`MaterialId`, `CourseId`, `OrderId`, `Name`) VALUES(100, 13, 5, 'amet consectetuer adipiscing elit proin interdum');
INSERT INTO `CourseMaterial` (`MaterialId`, `CourseId`, `OrderId`, `Name`) VALUES(101, 13, 6, 'donec ut dolor morbi vel');
INSERT INTO `CourseMaterial` (`MaterialId`, `CourseId`, `OrderId`, `Name`) VALUES(102, 13, 7, 'duis ac nibh fusce');
INSERT INTO `CourseMaterial` (`MaterialId`, `CourseId`, `OrderId`, `Name`) VALUES(103, 13, 8, 'donec quis orci eget orci vehicula condimentum');
INSERT INTO `CourseMaterial` (`MaterialId`, `CourseId`, `OrderId`, `Name`) VALUES(104, 13, 9, 'fringilla');
INSERT INTO `CourseMaterial` (`MaterialId`, `CourseId`, `OrderId`, `Name`) VALUES(105, 13, 10, 'pellentesque eget nunc donec quis');
INSERT INTO `CourseMaterial` (`MaterialId`, `CourseId`, `OrderId`, `Name`) VALUES(106, 13, 11, 'pellentesque');
INSERT INTO `CourseMaterial` (`MaterialId`, `CourseId`, `OrderId`, `Name`) VALUES(107, 13, 12, 'morbi non quam nec dui luctus');
INSERT INTO `CourseMaterial` (`MaterialId`, `CourseId`, `OrderId`, `Name`) VALUES(108, 14, 1, 'volutpat');
INSERT INTO `CourseMaterial` (`MaterialId`, `CourseId`, `OrderId`, `Name`) VALUES(109, 14, 2, 'odio in hac habitasse platea dictumst maecenas');
INSERT INTO `CourseMaterial` (`MaterialId`, `CourseId`, `OrderId`, `Name`) VALUES(110, 14, 3, 'pede ullamcorper augue a suscipit');
INSERT INTO `CourseMaterial` (`MaterialId`, `CourseId`, `OrderId`, `Name`) VALUES(111, 14, 4, 'sed ante vivamus');
INSERT INTO `CourseMaterial` (`MaterialId`, `CourseId`, `OrderId`, `Name`) VALUES(112, 14, 5, 'lacus morbi quis tortor id');
INSERT INTO `CourseMaterial` (`MaterialId`, `CourseId`, `OrderId`, `Name`) VALUES(113, 14, 6, 'nulla nunc');
INSERT INTO `CourseMaterial` (`MaterialId`, `CourseId`, `OrderId`, `Name`) VALUES(114, 14, 7, 'nisi');
INSERT INTO `CourseMaterial` (`MaterialId`, `CourseId`, `OrderId`, `Name`) VALUES(115, 14, 8, 'non ligula pellentesque');
INSERT INTO `CourseMaterial` (`MaterialId`, `CourseId`, `OrderId`, `Name`) VALUES(116, 14, 9, 'molestie hendrerit at vulputate vitae');
INSERT INTO `CourseMaterial` (`MaterialId`, `CourseId`, `OrderId`, `Name`) VALUES(117, 15, 1, 'interdum');
INSERT INTO `CourseMaterial` (`MaterialId`, `CourseId`, `OrderId`, `Name`) VALUES(118, 15, 2, 'primis in faucibus orci luctus et ultrices');
INSERT INTO `CourseMaterial` (`MaterialId`, `CourseId`, `OrderId`, `Name`) VALUES(119, 15, 3, 'eu est congue');
INSERT INTO `CourseMaterial` (`MaterialId`, `CourseId`, `OrderId`, `Name`) VALUES(120, 15, 4, 'eget');
INSERT INTO `CourseMaterial` (`MaterialId`, `CourseId`, `OrderId`, `Name`) VALUES(121, 15, 5, 'adipiscing elit proin risus praesent lectus vestibulum');
INSERT INTO `CourseMaterial` (`MaterialId`, `CourseId`, `OrderId`, `Name`) VALUES(122, 15, 6, 'nisi venenatis tristique fusce congue diam id');
INSERT INTO `CourseMaterial` (`MaterialId`, `CourseId`, `OrderId`, `Name`) VALUES(123, 15, 7, 'sit amet');
INSERT INTO `CourseMaterial` (`MaterialId`, `CourseId`, `OrderId`, `Name`) VALUES(124, 15, 8, 'curabitur in libero ut');
INSERT INTO `CourseMaterial` (`MaterialId`, `CourseId`, `OrderId`, `Name`) VALUES(125, 15, 9, 'a feugiat et eros vestibulum ac est');
INSERT INTO `CourseMaterial` (`MaterialId`, `CourseId`, `OrderId`, `Name`) VALUES(126, 15, 10, 'scelerisque quam turpis adipiscing lorem vitae mattis');
INSERT INTO `CourseMaterial` (`MaterialId`, `CourseId`, `OrderId`, `Name`) VALUES(127, 15, 11, 'odio curabitur convallis duis consequat dui');
INSERT INTO `CourseMaterial` (`MaterialId`, `CourseId`, `OrderId`, `Name`) VALUES(128, 15, 12, 'posuere nonummy integer non velit donec');
INSERT INTO `CourseMaterial` (`MaterialId`, `CourseId`, `OrderId`, `Name`) VALUES(129, 16, 1, 'vestibulum quam sapien varius ut blandit');
INSERT INTO `CourseMaterial` (`MaterialId`, `CourseId`, `OrderId`, `Name`) VALUES(130, 16, 2, 'semper est quam');
INSERT INTO `CourseMaterial` (`MaterialId`, `CourseId`, `OrderId`, `Name`) VALUES(131, 16, 3, 'venenatis turpis enim blandit mi in');
INSERT INTO `CourseMaterial` (`MaterialId`, `CourseId`, `OrderId`, `Name`) VALUES(132, 16, 4, 'eget eros elementum pellentesque');
INSERT INTO `CourseMaterial` (`MaterialId`, `CourseId`, `OrderId`, `Name`) VALUES(133, 16, 5, 'congue diam');
INSERT INTO `CourseMaterial` (`MaterialId`, `CourseId`, `OrderId`, `Name`) VALUES(134, 16, 6, 'cubilia');
INSERT INTO `CourseMaterial` (`MaterialId`, `CourseId`, `OrderId`, `Name`) VALUES(135, 16, 7, 'justo pellentesque viverra pede ac diam');
INSERT INTO `CourseMaterial` (`MaterialId`, `CourseId`, `OrderId`, `Name`) VALUES(136, 16, 8, 'ut erat curabitur gravida nisi at nibh');
INSERT INTO `CourseMaterial` (`MaterialId`, `CourseId`, `OrderId`, `Name`) VALUES(137, 16, 9, 'sapien cum sociis natoque');
INSERT INTO `CourseMaterial` (`MaterialId`, `CourseId`, `OrderId`, `Name`) VALUES(138, 17, 1, 'donec vitae nisi nam');
INSERT INTO `CourseMaterial` (`MaterialId`, `CourseId`, `OrderId`, `Name`) VALUES(139, 17, 2, 'ipsum primis in faucibus');
INSERT INTO `CourseMaterial` (`MaterialId`, `CourseId`, `OrderId`, `Name`) VALUES(140, 17, 3, 'orci vehicula');
INSERT INTO `CourseMaterial` (`MaterialId`, `CourseId`, `OrderId`, `Name`) VALUES(141, 17, 4, 'facilisi cras non velit nec');
INSERT INTO `CourseMaterial` (`MaterialId`, `CourseId`, `OrderId`, `Name`) VALUES(142, 17, 5, 'volutpat erat quisque erat eros viverra');
INSERT INTO `CourseMaterial` (`MaterialId`, `CourseId`, `OrderId`, `Name`) VALUES(143, 17, 6, 'nulla sed vel enim sit');
INSERT INTO `CourseMaterial` (`MaterialId`, `CourseId`, `OrderId`, `Name`) VALUES(144, 17, 7, 'eget semper rutrum nulla nunc purus');
INSERT INTO `CourseMaterial` (`MaterialId`, `CourseId`, `OrderId`, `Name`) VALUES(145, 17, 8, 'ut massa volutpat convallis morbi odio');
INSERT INTO `CourseMaterial` (`MaterialId`, `CourseId`, `OrderId`, `Name`) VALUES(146, 17, 9, 'suspendisse');
INSERT INTO `CourseMaterial` (`MaterialId`, `CourseId`, `OrderId`, `Name`) VALUES(147, 17, 10, 'viverra diam vitae quam suspendisse potenti');
INSERT INTO `CourseMaterial` (`MaterialId`, `CourseId`, `OrderId`, `Name`) VALUES(148, 17, 11, 'convallis nunc');
INSERT INTO `CourseMaterial` (`MaterialId`, `CourseId`, `OrderId`, `Name`) VALUES(149, 17, 12, 'ac neque duis bibendum');
INSERT INTO `CourseMaterial` (`MaterialId`, `CourseId`, `OrderId`, `Name`) VALUES(150, 17, 13, 'pellentesque');
INSERT INTO `CourseMaterial` (`MaterialId`, `CourseId`, `OrderId`, `Name`) VALUES(151, 17, 14, 'consectetuer');
INSERT INTO `CourseMaterial` (`MaterialId`, `CourseId`, `OrderId`, `Name`) VALUES(152, 17, 15, 'nibh fusce lacus purus aliquet');
INSERT INTO `CourseMaterial` (`MaterialId`, `CourseId`, `OrderId`, `Name`) VALUES(153, 18, 1, 'ut erat id mauris');
INSERT INTO `CourseMaterial` (`MaterialId`, `CourseId`, `OrderId`, `Name`) VALUES(154, 18, 2, 'vel est donec odio justo sollicitudin ut');
INSERT INTO `CourseMaterial` (`MaterialId`, `CourseId`, `OrderId`, `Name`) VALUES(155, 18, 3, 'sit amet');
INSERT INTO `CourseMaterial` (`MaterialId`, `CourseId`, `OrderId`, `Name`) VALUES(156, 18, 4, 'luctus et ultrices posuere cubilia');
INSERT INTO `CourseMaterial` (`MaterialId`, `CourseId`, `OrderId`, `Name`) VALUES(157, 18, 5, 'duis mattis');
INSERT INTO `CourseMaterial` (`MaterialId`, `CourseId`, `OrderId`, `Name`) VALUES(158, 18, 6, 'ut ultrices');
INSERT INTO `CourseMaterial` (`MaterialId`, `CourseId`, `OrderId`, `Name`) VALUES(159, 18, 7, 'vulputate nonummy maecenas tincidunt lacus at');
INSERT INTO `CourseMaterial` (`MaterialId`, `CourseId`, `OrderId`, `Name`) VALUES(160, 18, 8, 'sit amet consectetuer adipiscing');
INSERT INTO `CourseMaterial` (`MaterialId`, `CourseId`, `OrderId`, `Name`) VALUES(161, 18, 9, 'in faucibus orci luctus et');
INSERT INTO `CourseMaterial` (`MaterialId`, `CourseId`, `OrderId`, `Name`) VALUES(162, 19, 1, 'nunc');
INSERT INTO `CourseMaterial` (`MaterialId`, `CourseId`, `OrderId`, `Name`) VALUES(163, 19, 2, 'rhoncus aliquet pulvinar');
INSERT INTO `CourseMaterial` (`MaterialId`, `CourseId`, `OrderId`, `Name`) VALUES(164, 19, 3, 'parturient montes nascetur');
INSERT INTO `CourseMaterial` (`MaterialId`, `CourseId`, `OrderId`, `Name`) VALUES(165, 19, 4, 'nulla ac enim in');
INSERT INTO `CourseMaterial` (`MaterialId`, `CourseId`, `OrderId`, `Name`) VALUES(166, 19, 5, 'tristique');
INSERT INTO `CourseMaterial` (`MaterialId`, `CourseId`, `OrderId`, `Name`) VALUES(167, 19, 6, 'at lorem integer tincidunt ante');
INSERT INTO `CourseMaterial` (`MaterialId`, `CourseId`, `OrderId`, `Name`) VALUES(168, 19, 7, 'ultrices erat tortor sollicitudin mi sit');
INSERT INTO `CourseMaterial` (`MaterialId`, `CourseId`, `OrderId`, `Name`) VALUES(169, 19, 8, 'et magnis dis parturient montes nascetur ridiculus');
INSERT INTO `CourseMaterial` (`MaterialId`, `CourseId`, `OrderId`, `Name`) VALUES(170, 19, 9, 'ac neque duis');
INSERT INTO `CourseMaterial` (`MaterialId`, `CourseId`, `OrderId`, `Name`) VALUES(171, 19, 10, 'aliquet at feugiat non pretium quis lectus');
INSERT INTO `CourseMaterial` (`MaterialId`, `CourseId`, `OrderId`, `Name`) VALUES(172, 19, 11, 'massa tempor convallis nulla neque');
INSERT INTO `CourseMaterial` (`MaterialId`, `CourseId`, `OrderId`, `Name`) VALUES(173, 19, 12, 'vestibulum velit id pretium iaculis');
INSERT INTO `CourseMaterial` (`MaterialId`, `CourseId`, `OrderId`, `Name`) VALUES(174, 19, 13, 'id lobortis convallis tortor');
INSERT INTO `CourseMaterial` (`MaterialId`, `CourseId`, `OrderId`, `Name`) VALUES(175, 19, 14, 'lorem vitae mattis nibh ligula nec sem');
INSERT INTO `CourseMaterial` (`MaterialId`, `CourseId`, `OrderId`, `Name`) VALUES(176, 19, 15, 'non mi integer ac neque duis');
INSERT INTO `CourseMaterial` (`MaterialId`, `CourseId`, `OrderId`, `Name`) VALUES(177, 20, 1, 'lacinia nisi venenatis tristique');
INSERT INTO `CourseMaterial` (`MaterialId`, `CourseId`, `OrderId`, `Name`) VALUES(178, 20, 2, 'augue vestibulum rutrum rutrum neque aenean auctor');
INSERT INTO `CourseMaterial` (`MaterialId`, `CourseId`, `OrderId`, `Name`) VALUES(179, 20, 3, 'mattis pulvinar nulla pede ullamcorper augue a');
INSERT INTO `CourseMaterial` (`MaterialId`, `CourseId`, `OrderId`, `Name`) VALUES(180, 20, 4, 'eu orci mauris lacinia sapien quis');
INSERT INTO `CourseMaterial` (`MaterialId`, `CourseId`, `OrderId`, `Name`) VALUES(181, 20, 5, 'a nibh in quis justo');
INSERT INTO `CourseMaterial` (`MaterialId`, `CourseId`, `OrderId`, `Name`) VALUES(182, 20, 6, 'porttitor id');
INSERT INTO `CourseMaterial` (`MaterialId`, `CourseId`, `OrderId`, `Name`) VALUES(183, 20, 7, 'libero quis orci nullam molestie nibh');
INSERT INTO `CourseMaterial` (`MaterialId`, `CourseId`, `OrderId`, `Name`) VALUES(184, 21, 1, 'vel dapibus at diam nam tristique tortor');
INSERT INTO `CourseMaterial` (`MaterialId`, `CourseId`, `OrderId`, `Name`) VALUES(185, 21, 2, 'in quis justo maecenas rhoncus aliquam');
INSERT INTO `CourseMaterial` (`MaterialId`, `CourseId`, `OrderId`, `Name`) VALUES(186, 21, 3, 'consequat lectus in');
INSERT INTO `CourseMaterial` (`MaterialId`, `CourseId`, `OrderId`, `Name`) VALUES(187, 21, 4, 'semper porta volutpat quam pede lobortis');
INSERT INTO `CourseMaterial` (`MaterialId`, `CourseId`, `OrderId`, `Name`) VALUES(188, 21, 5, 'luctus ultricies eu nibh quisque');
INSERT INTO `CourseMaterial` (`MaterialId`, `CourseId`, `OrderId`, `Name`) VALUES(189, 21, 6, 'leo rhoncus sed vestibulum sit amet cursus');
INSERT INTO `CourseMaterial` (`MaterialId`, `CourseId`, `OrderId`, `Name`) VALUES(190, 21, 7, 'magna ac consequat');
INSERT INTO `CourseMaterial` (`MaterialId`, `CourseId`, `OrderId`, `Name`) VALUES(191, 21, 8, 'congue elementum in');
INSERT INTO `CourseMaterial` (`MaterialId`, `CourseId`, `OrderId`, `Name`) VALUES(192, 21, 9, 'sit amet nulla quisque arcu libero');
INSERT INTO `CourseMaterial` (`MaterialId`, `CourseId`, `OrderId`, `Name`) VALUES(193, 21, 10, 'et ultrices posuere');
INSERT INTO `CourseMaterial` (`MaterialId`, `CourseId`, `OrderId`, `Name`) VALUES(194, 21, 11, 'dui vel sem sed sagittis');
INSERT INTO `CourseMaterial` (`MaterialId`, `CourseId`, `OrderId`, `Name`) VALUES(195, 21, 12, 'quisque arcu');
INSERT INTO `CourseMaterial` (`MaterialId`, `CourseId`, `OrderId`, `Name`) VALUES(196, 21, 13, 'ornare consequat lectus in est risus auctor');
INSERT INTO `CourseMaterial` (`MaterialId`, `CourseId`, `OrderId`, `Name`) VALUES(197, 21, 14, 'diam cras pellentesque volutpat dui');
INSERT INTO `CourseMaterial` (`MaterialId`, `CourseId`, `OrderId`, `Name`) VALUES(198, 22, 1, 'nulla sed vel enim sit amet');
INSERT INTO `CourseMaterial` (`MaterialId`, `CourseId`, `OrderId`, `Name`) VALUES(199, 22, 2, 'sagittis sapien');
INSERT INTO `CourseMaterial` (`MaterialId`, `CourseId`, `OrderId`, `Name`) VALUES(200, 22, 3, 'erat nulla tempus vivamus in felis');
INSERT INTO `CourseMaterial` (`MaterialId`, `CourseId`, `OrderId`, `Name`) VALUES(201, 22, 4, 'eu massa donec');
INSERT INTO `CourseMaterial` (`MaterialId`, `CourseId`, `OrderId`, `Name`) VALUES(202, 22, 5, 'consequat morbi');
INSERT INTO `CourseMaterial` (`MaterialId`, `CourseId`, `OrderId`, `Name`) VALUES(203, 22, 6, 'justo in hac habitasse platea dictumst');
INSERT INTO `CourseMaterial` (`MaterialId`, `CourseId`, `OrderId`, `Name`) VALUES(204, 22, 7, 'hendrerit at vulputate vitae nisl aenean');
INSERT INTO `CourseMaterial` (`MaterialId`, `CourseId`, `OrderId`, `Name`) VALUES(205, 22, 8, 'molestie hendrerit at vulputate vitae nisl');
INSERT INTO `CourseMaterial` (`MaterialId`, `CourseId`, `OrderId`, `Name`) VALUES(206, 22, 9, 'augue vel accumsan tellus');
INSERT INTO `CourseMaterial` (`MaterialId`, `CourseId`, `OrderId`, `Name`) VALUES(207, 22, 10, 'nonummy maecenas tincidunt lacus');
INSERT INTO `CourseMaterial` (`MaterialId`, `CourseId`, `OrderId`, `Name`) VALUES(208, 22, 11, 'elementum eu interdum');
INSERT INTO `CourseMaterial` (`MaterialId`, `CourseId`, `OrderId`, `Name`) VALUES(209, 23, 1, 'vehicula condimentum curabitur');
INSERT INTO `CourseMaterial` (`MaterialId`, `CourseId`, `OrderId`, `Name`) VALUES(210, 23, 2, 'ut');
INSERT INTO `CourseMaterial` (`MaterialId`, `CourseId`, `OrderId`, `Name`) VALUES(211, 23, 3, 'curabitur in libero');
INSERT INTO `CourseMaterial` (`MaterialId`, `CourseId`, `OrderId`, `Name`) VALUES(212, 23, 4, 'justo etiam pretium iaculis');
INSERT INTO `CourseMaterial` (`MaterialId`, `CourseId`, `OrderId`, `Name`) VALUES(213, 23, 5, 'morbi vel lectus in');
INSERT INTO `CourseMaterial` (`MaterialId`, `CourseId`, `OrderId`, `Name`) VALUES(214, 23, 6, 'augue quam');
INSERT INTO `CourseMaterial` (`MaterialId`, `CourseId`, `OrderId`, `Name`) VALUES(215, 23, 7, 'auctor gravida sem');
INSERT INTO `CourseMaterial` (`MaterialId`, `CourseId`, `OrderId`, `Name`) VALUES(216, 23, 8, 'mi in porttitor pede justo eu');
INSERT INTO `CourseMaterial` (`MaterialId`, `CourseId`, `OrderId`, `Name`) VALUES(217, 23, 9, 'ac consequat metus sapien ut nunc');
INSERT INTO `CourseMaterial` (`MaterialId`, `CourseId`, `OrderId`, `Name`) VALUES(218, 23, 10, 'molestie hendrerit at vulputate vitae');
INSERT INTO `CourseMaterial` (`MaterialId`, `CourseId`, `OrderId`, `Name`) VALUES(219, 23, 11, 'sapien varius ut blandit non');
INSERT INTO `CourseMaterial` (`MaterialId`, `CourseId`, `OrderId`, `Name`) VALUES(220, 23, 12, 'ultrices vel augue vestibulum ante ipsum primis');
INSERT INTO `CourseMaterial` (`MaterialId`, `CourseId`, `OrderId`, `Name`) VALUES(221, 23, 13, 'non quam');
INSERT INTO `CourseMaterial` (`MaterialId`, `CourseId`, `OrderId`, `Name`) VALUES(222, 24, 1, 'suspendisse potenti');
INSERT INTO `CourseMaterial` (`MaterialId`, `CourseId`, `OrderId`, `Name`) VALUES(223, 24, 2, 'consequat varius integer ac leo');
INSERT INTO `CourseMaterial` (`MaterialId`, `CourseId`, `OrderId`, `Name`) VALUES(224, 24, 3, 'non mauris morbi non');
INSERT INTO `CourseMaterial` (`MaterialId`, `CourseId`, `OrderId`, `Name`) VALUES(225, 24, 4, 'hendrerit at vulputate vitae nisl aenean lectus');
INSERT INTO `CourseMaterial` (`MaterialId`, `CourseId`, `OrderId`, `Name`) VALUES(226, 24, 5, 'erat id mauris');
INSERT INTO `CourseMaterial` (`MaterialId`, `CourseId`, `OrderId`, `Name`) VALUES(227, 24, 6, 'orci luctus et ultrices posuere cubilia');
INSERT INTO `CourseMaterial` (`MaterialId`, `CourseId`, `OrderId`, `Name`) VALUES(228, 24, 7, 'quam suspendisse potenti nullam porttitor lacus at');
INSERT INTO `CourseMaterial` (`MaterialId`, `CourseId`, `OrderId`, `Name`) VALUES(229, 24, 8, 'rutrum neque aenean auctor gravida');
INSERT INTO `CourseMaterial` (`MaterialId`, `CourseId`, `OrderId`, `Name`) VALUES(230, 25, 1, 'justo lacinia eget tincidunt eget tempus vel');
INSERT INTO `CourseMaterial` (`MaterialId`, `CourseId`, `OrderId`, `Name`) VALUES(231, 25, 2, 'arcu sed augue aliquam');
INSERT INTO `CourseMaterial` (`MaterialId`, `CourseId`, `OrderId`, `Name`) VALUES(232, 25, 3, 'sagittis nam congue risus semper porta');
INSERT INTO `CourseMaterial` (`MaterialId`, `CourseId`, `OrderId`, `Name`) VALUES(233, 25, 4, 'interdum eu tincidunt in leo');
INSERT INTO `CourseMaterial` (`MaterialId`, `CourseId`, `OrderId`, `Name`) VALUES(234, 25, 5, 'id ornare imperdiet sapien urna pretium nisl');
INSERT INTO `CourseMaterial` (`MaterialId`, `CourseId`, `OrderId`, `Name`) VALUES(235, 25, 6, 'libero');
INSERT INTO `CourseMaterial` (`MaterialId`, `CourseId`, `OrderId`, `Name`) VALUES(236, 25, 7, 'duis faucibus accumsan odio curabitur convallis duis');
INSERT INTO `CourseMaterial` (`MaterialId`, `CourseId`, `OrderId`, `Name`) VALUES(237, 25, 8, 'tortor');
INSERT INTO `CourseMaterial` (`MaterialId`, `CourseId`, `OrderId`, `Name`) VALUES(238, 25, 9, 'in');
INSERT INTO `CourseMaterial` (`MaterialId`, `CourseId`, `OrderId`, `Name`) VALUES(239, 25, 10, 'ante ipsum primis in faucibus');
INSERT INTO `CourseMaterial` (`MaterialId`, `CourseId`, `OrderId`, `Name`) VALUES(240, 25, 11, 'vulputate justo in blandit ultrices enim');
INSERT INTO `CourseMaterial` (`MaterialId`, `CourseId`, `OrderId`, `Name`) VALUES(241, 25, 12, 'integer ac neque duis bibendum morbi');
INSERT INTO `CourseMaterial` (`MaterialId`, `CourseId`, `OrderId`, `Name`) VALUES(242, 26, 1, 'ipsum praesent blandit lacinia erat vestibulum sed');
INSERT INTO `CourseMaterial` (`MaterialId`, `CourseId`, `OrderId`, `Name`) VALUES(243, 26, 2, 'dui maecenas tristique est');
INSERT INTO `CourseMaterial` (`MaterialId`, `CourseId`, `OrderId`, `Name`) VALUES(244, 26, 3, 'mollis');
INSERT INTO `CourseMaterial` (`MaterialId`, `CourseId`, `OrderId`, `Name`) VALUES(245, 26, 4, 'tincidunt in');
INSERT INTO `CourseMaterial` (`MaterialId`, `CourseId`, `OrderId`, `Name`) VALUES(246, 26, 5, 'proin at');
INSERT INTO `CourseMaterial` (`MaterialId`, `CourseId`, `OrderId`, `Name`) VALUES(247, 26, 6, 'at nibh in hac habitasse platea dictumst');
INSERT INTO `CourseMaterial` (`MaterialId`, `CourseId`, `OrderId`, `Name`) VALUES(248, 26, 7, 'ut nunc vestibulum ante ipsum primis');
INSERT INTO `CourseMaterial` (`MaterialId`, `CourseId`, `OrderId`, `Name`) VALUES(249, 26, 8, 'ut odio cras mi pede malesuada in');
INSERT INTO `CourseMaterial` (`MaterialId`, `CourseId`, `OrderId`, `Name`) VALUES(250, 26, 9, 'tincidunt eget tempus');
INSERT INTO `CourseMaterial` (`MaterialId`, `CourseId`, `OrderId`, `Name`) VALUES(251, 26, 10, 'dapibus nulla suscipit ligula in');
INSERT INTO `CourseMaterial` (`MaterialId`, `CourseId`, `OrderId`, `Name`) VALUES(252, 26, 11, 'aenean lectus pellentesque eget nunc donec quis');
INSERT INTO `CourseMaterial` (`MaterialId`, `CourseId`, `OrderId`, `Name`) VALUES(253, 27, 1, 'pretium iaculis justo in hac habitasse');
INSERT INTO `CourseMaterial` (`MaterialId`, `CourseId`, `OrderId`, `Name`) VALUES(254, 27, 2, 'potenti cras in purus eu magna');
INSERT INTO `CourseMaterial` (`MaterialId`, `CourseId`, `OrderId`, `Name`) VALUES(255, 27, 3, 'rutrum');
INSERT INTO `CourseMaterial` (`MaterialId`, `CourseId`, `OrderId`, `Name`) VALUES(256, 27, 4, 'sed justo pellentesque');
INSERT INTO `CourseMaterial` (`MaterialId`, `CourseId`, `OrderId`, `Name`) VALUES(257, 27, 5, 'gravida');
INSERT INTO `CourseMaterial` (`MaterialId`, `CourseId`, `OrderId`, `Name`) VALUES(258, 27, 6, 'rhoncus mauris');
INSERT INTO `CourseMaterial` (`MaterialId`, `CourseId`, `OrderId`, `Name`) VALUES(259, 27, 7, 'turpis');
INSERT INTO `CourseMaterial` (`MaterialId`, `CourseId`, `OrderId`, `Name`) VALUES(260, 27, 8, 'nascetur ridiculus mus etiam vel augue vestibulum');
INSERT INTO `CourseMaterial` (`MaterialId`, `CourseId`, `OrderId`, `Name`) VALUES(261, 27, 9, 'consequat lectus in est');
INSERT INTO `CourseMaterial` (`MaterialId`, `CourseId`, `OrderId`, `Name`) VALUES(262, 27, 10, 'turpis nec euismod scelerisque quam');
INSERT INTO `CourseMaterial` (`MaterialId`, `CourseId`, `OrderId`, `Name`) VALUES(263, 27, 11, 'non quam nec dui luctus rutrum nulla');
INSERT INTO `CourseMaterial` (`MaterialId`, `CourseId`, `OrderId`, `Name`) VALUES(264, 27, 12, 'dolor quis odio consequat');

--
-- Dumping data for table `DownloadableFile`
--

INSERT INTO `DownloadableFile` (`MaterialId`, `Path`, `Size`, `Type`) VALUES(5, '/nascetur/ridiculus.xml', 7113, 'video/avi');
INSERT INTO `DownloadableFile` (`MaterialId`, `Path`, `Size`, `Type`) VALUES(8, '/vestibulum/quam/sapien/varius/ut/blandit.jsp', 13576, 'image/x-tiff');
INSERT INTO `DownloadableFile` (`MaterialId`, `Path`, `Size`, `Type`) VALUES(13, '/nunc/purus/phasellus/in/felis.jpg', 14764, 'image/tiff');
INSERT INTO `DownloadableFile` (`MaterialId`, `Path`, `Size`, `Type`) VALUES(19, '/nunc/vestibulum/ante/ipsum/primis/in.js', 2255, 'video/quicktime');
INSERT INTO `DownloadableFile` (`MaterialId`, `Path`, `Size`, `Type`) VALUES(23, '/placerat/praesent/blandit/nam/nulla/integer/pede.json', 6617, 'video/quicktime');
INSERT INTO `DownloadableFile` (`MaterialId`, `Path`, `Size`, `Type`) VALUES(30, '/dapibus/duis/at/velit/eu.jpg', 17916, 'image/pjpeg');
INSERT INTO `DownloadableFile` (`MaterialId`, `Path`, `Size`, `Type`) VALUES(38, '/cursus/urna/ut/tellus/nulla.json', 7943, 'video/x-msvideo');
INSERT INTO `DownloadableFile` (`MaterialId`, `Path`, `Size`, `Type`) VALUES(45, '/neque/sapien.jpg', 10123, 'application/x-msexcel');
INSERT INTO `DownloadableFile` (`MaterialId`, `Path`, `Size`, `Type`) VALUES(47, '/turpis/enim/blandit/mi.aspx', 20981, 'application/x-troff-msvideo');
INSERT INTO `DownloadableFile` (`MaterialId`, `Path`, `Size`, `Type`) VALUES(54, '/et/eros/vestibulum/ac.js', 23475, 'image/tiff');
INSERT INTO `DownloadableFile` (`MaterialId`, `Path`, `Size`, `Type`) VALUES(55, '/nisi/volutpat/eleifend/donec/ut.jsp', 22097, 'text/plain');
INSERT INTO `DownloadableFile` (`MaterialId`, `Path`, `Size`, `Type`) VALUES(63, '/in/faucibus.jpg', 14250, 'application/vnd.ms-powerpoint');
INSERT INTO `DownloadableFile` (`MaterialId`, `Path`, `Size`, `Type`) VALUES(64, '/etiam/justo/etiam/pretium/iaculis/justo.js', 21219, 'image/x-tiff');
INSERT INTO `DownloadableFile` (`MaterialId`, `Path`, `Size`, `Type`) VALUES(66, '/laoreet/ut/rhoncus/aliquet/pulvinar.jsp', 7589, 'image/pjpeg');
INSERT INTO `DownloadableFile` (`MaterialId`, `Path`, `Size`, `Type`) VALUES(69, '/pellentesque/quisque/porta/volutpat/erat/quisque.html', 3347, 'application/vnd.ms-excel');
INSERT INTO `DownloadableFile` (`MaterialId`, `Path`, `Size`, `Type`) VALUES(71, '/semper/est/quam/pharetra/magna/ac/consequat.aspx', 192, 'video/avi');
INSERT INTO `DownloadableFile` (`MaterialId`, `Path`, `Size`, `Type`) VALUES(74, '/suspendisse/potenti.xml', 19080, 'application/excel');
INSERT INTO `DownloadableFile` (`MaterialId`, `Path`, `Size`, `Type`) VALUES(77, '/in/eleifend.jsp', 826, 'application/powerpoint');
INSERT INTO `DownloadableFile` (`MaterialId`, `Path`, `Size`, `Type`) VALUES(81, '/posuere/cubilia/curae/duis/faucibus/accumsan/odio.json', 14661, 'image/jpeg');
INSERT INTO `DownloadableFile` (`MaterialId`, `Path`, `Size`, `Type`) VALUES(83, '/nunc/purus/phasellus/in/felis.xml', 20224, 'application/msword');
INSERT INTO `DownloadableFile` (`MaterialId`, `Path`, `Size`, `Type`) VALUES(84, '/mauris/enim/leo/rhoncus/sed/vestibulum.jsp', 21435, 'image/tiff');
INSERT INTO `DownloadableFile` (`MaterialId`, `Path`, `Size`, `Type`) VALUES(91, '/rutrum/ac/lobortis/vel.html', 17583, 'application/msword');
INSERT INTO `DownloadableFile` (`MaterialId`, `Path`, `Size`, `Type`) VALUES(92, '/massa/tempor/convallis/nulla.png', 11660, 'application/x-excel');
INSERT INTO `DownloadableFile` (`MaterialId`, `Path`, `Size`, `Type`) VALUES(93, '/nascetur/ridiculus/mus/vivamus/vestibulum/sagittis.js', 13882, 'application/powerpoint');
INSERT INTO `DownloadableFile` (`MaterialId`, `Path`, `Size`, `Type`) VALUES(96, '/eros/viverra/eget/congue/eget.js', 3545, 'application/powerpoint');
INSERT INTO `DownloadableFile` (`MaterialId`, `Path`, `Size`, `Type`) VALUES(98, '/sit/amet/consectetuer/adipiscing/elit/proin.jpg', 17132, 'application/pdf');
INSERT INTO `DownloadableFile` (`MaterialId`, `Path`, `Size`, `Type`) VALUES(104, '/curabitur/in/libero/ut/massa/volutpat/convallis.aspx', 15184, 'application/x-mspowerpoint');
INSERT INTO `DownloadableFile` (`MaterialId`, `Path`, `Size`, `Type`) VALUES(105, '/fusce/lacus/purus/aliquet/at.jsp', 23366, 'application/vnd.ms-powerpoint');
INSERT INTO `DownloadableFile` (`MaterialId`, `Path`, `Size`, `Type`) VALUES(107, '/id/nisl/venenatis/lacinia/aenean/sit.aspx', 19901, 'image/jpeg');
INSERT INTO `DownloadableFile` (`MaterialId`, `Path`, `Size`, `Type`) VALUES(110, '/vulputate/luctus/cum.json', 4227, 'application/x-mspowerpoint');
INSERT INTO `DownloadableFile` (`MaterialId`, `Path`, `Size`, `Type`) VALUES(116, '/consequat.aspx', 13531, 'video/mpeg');
INSERT INTO `DownloadableFile` (`MaterialId`, `Path`, `Size`, `Type`) VALUES(117, '/dapibus/nulla/suscipit/ligula/in.png', 3098, 'video/mpeg');
INSERT INTO `DownloadableFile` (`MaterialId`, `Path`, `Size`, `Type`) VALUES(127, '/amet/consectetuer/adipiscing/elit/proin.html', 2209, 'application/x-excel');
INSERT INTO `DownloadableFile` (`MaterialId`, `Path`, `Size`, `Type`) VALUES(129, '/leo/pellentesque.html', 22168, 'audio/mpeg3');
INSERT INTO `DownloadableFile` (`MaterialId`, `Path`, `Size`, `Type`) VALUES(130, '/vel/augue/vestibulum/ante/ipsum.jpg', 15227, 'application/pdf');
INSERT INTO `DownloadableFile` (`MaterialId`, `Path`, `Size`, `Type`) VALUES(134, '/id/turpis/integer/aliquet/massa/id/lobortis.xml', 10398, 'video/msvideo');
INSERT INTO `DownloadableFile` (`MaterialId`, `Path`, `Size`, `Type`) VALUES(136, '/duis/mattis/egestas/metus/aenean/fermentum.png', 2326, 'image/pjpeg');
INSERT INTO `DownloadableFile` (`MaterialId`, `Path`, `Size`, `Type`) VALUES(137, '/ligula.html', 24983, 'application/msword');
INSERT INTO `DownloadableFile` (`MaterialId`, `Path`, `Size`, `Type`) VALUES(139, '/proin/at/turpis/a/pede/posuere/nonummy.json', 1945, 'text/plain');
INSERT INTO `DownloadableFile` (`MaterialId`, `Path`, `Size`, `Type`) VALUES(140, '/faucibus/accumsan/odio/curabitur/convallis/duis/consequat.html', 7292, 'image/tiff');
INSERT INTO `DownloadableFile` (`MaterialId`, `Path`, `Size`, `Type`) VALUES(142, '/aliquam/erat/volutpat/in/congue.jpg', 19203, 'application/x-excel');
INSERT INTO `DownloadableFile` (`MaterialId`, `Path`, `Size`, `Type`) VALUES(149, '/praesent/lectus/vestibulum.js', 1397, 'application/mspowerpoint');
INSERT INTO `DownloadableFile` (`MaterialId`, `Path`, `Size`, `Type`) VALUES(151, '/non/mauris/morbi/non/lectus.jsp', 13281, 'application/x-excel');
INSERT INTO `DownloadableFile` (`MaterialId`, `Path`, `Size`, `Type`) VALUES(156, '/sed/interdum/venenatis/turpis.aspx', 14685, 'image/pjpeg');
INSERT INTO `DownloadableFile` (`MaterialId`, `Path`, `Size`, `Type`) VALUES(160, '/ligula/pellentesque/ultrices/phasellus.html', 16232, 'application/mspowerpoint');
INSERT INTO `DownloadableFile` (`MaterialId`, `Path`, `Size`, `Type`) VALUES(162, '/sed/tristique/in.jsp', 156, 'application/mspowerpoint');
INSERT INTO `DownloadableFile` (`MaterialId`, `Path`, `Size`, `Type`) VALUES(164, '/morbi/a/ipsum/integer/a/nibh.jsp', 7851, 'audio/mpeg3');
INSERT INTO `DownloadableFile` (`MaterialId`, `Path`, `Size`, `Type`) VALUES(165, '/quisque/erat/eros.html', 5834, 'application/msword');
INSERT INTO `DownloadableFile` (`MaterialId`, `Path`, `Size`, `Type`) VALUES(176, '/ornare.json', 19295, 'image/gif');
INSERT INTO `DownloadableFile` (`MaterialId`, `Path`, `Size`, `Type`) VALUES(177, '/ut/ultrices/vel/augue.js', 332, 'application/vnd.ms-excel');
INSERT INTO `DownloadableFile` (`MaterialId`, `Path`, `Size`, `Type`) VALUES(182, '/vulputate.js', 2953, 'application/mspowerpoint');
INSERT INTO `DownloadableFile` (`MaterialId`, `Path`, `Size`, `Type`) VALUES(189, '/nam/congue.jsp', 22766, 'application/pdf');
INSERT INTO `DownloadableFile` (`MaterialId`, `Path`, `Size`, `Type`) VALUES(190, '/luctus/et/ultrices/posuere/cubilia/curae.xml', 11622, 'application/x-msexcel');
INSERT INTO `DownloadableFile` (`MaterialId`, `Path`, `Size`, `Type`) VALUES(192, '/lacus/morbi.js', 19312, 'application/x-excel');
INSERT INTO `DownloadableFile` (`MaterialId`, `Path`, `Size`, `Type`) VALUES(198, '/non.jpg', 6190, 'image/png');
INSERT INTO `DownloadableFile` (`MaterialId`, `Path`, `Size`, `Type`) VALUES(199, '/pharetra/magna/ac/consequat/metus.jpg', 20925, 'application/powerpoint');
INSERT INTO `DownloadableFile` (`MaterialId`, `Path`, `Size`, `Type`) VALUES(201, '/in/lectus/pellentesque/at/nulla/suspendisse.png', 15712, 'application/x-mspowerpoint');
INSERT INTO `DownloadableFile` (`MaterialId`, `Path`, `Size`, `Type`) VALUES(202, '/vulputate/ut/ultrices/vel.png', 18934, 'application/vnd.ms-excel');
INSERT INTO `DownloadableFile` (`MaterialId`, `Path`, `Size`, `Type`) VALUES(204, '/nibh/in/lectus/pellentesque/at/nulla.png', 19366, 'video/msvideo');
INSERT INTO `DownloadableFile` (`MaterialId`, `Path`, `Size`, `Type`) VALUES(205, '/fermentum/justo/nec/condimentum/neque.xml', 1889, 'video/msvideo');
INSERT INTO `DownloadableFile` (`MaterialId`, `Path`, `Size`, `Type`) VALUES(209, '/habitasse/platea/dictumst/morbi/vestibulum/velit/id.json', 10555, 'application/vnd.ms-excel');
INSERT INTO `DownloadableFile` (`MaterialId`, `Path`, `Size`, `Type`) VALUES(210, '/lacus/morbi/sem.html', 19597, 'video/x-mpeg');
INSERT INTO `DownloadableFile` (`MaterialId`, `Path`, `Size`, `Type`) VALUES(212, '/commodo/placerat/praesent/blandit.aspx', 13057, 'audio/mpeg3');
INSERT INTO `DownloadableFile` (`MaterialId`, `Path`, `Size`, `Type`) VALUES(214, '/quisque/ut/erat/curabitur/gravida/nisi/at.xml', 1031, 'video/x-mpeg');
INSERT INTO `DownloadableFile` (`MaterialId`, `Path`, `Size`, `Type`) VALUES(224, '/nisl/nunc.js', 14205, 'application/vnd.ms-excel');
INSERT INTO `DownloadableFile` (`MaterialId`, `Path`, `Size`, `Type`) VALUES(225, '/praesent.png', 7172, 'video/mpeg');
INSERT INTO `DownloadableFile` (`MaterialId`, `Path`, `Size`, `Type`) VALUES(235, '/a/ipsum/integer/a.jpg', 7282, 'application/powerpoint');
INSERT INTO `DownloadableFile` (`MaterialId`, `Path`, `Size`, `Type`) VALUES(236, '/mi/pede/malesuada/in/imperdiet/et/commodo.aspx', 575, 'application/vnd.ms-excel');
INSERT INTO `DownloadableFile` (`MaterialId`, `Path`, `Size`, `Type`) VALUES(239, '/nisl/duis/ac/nibh/fusce/lacus/purus.json', 24187, 'application/x-excel');
INSERT INTO `DownloadableFile` (`MaterialId`, `Path`, `Size`, `Type`) VALUES(245, '/interdum/in/ante/vestibulum/ante.js', 23217, 'video/mpeg');
INSERT INTO `DownloadableFile` (`MaterialId`, `Path`, `Size`, `Type`) VALUES(246, '/nibh/fusce/lacus/purus/aliquet/at/feugiat.json', 23479, 'application/x-troff-msvideo');
INSERT INTO `DownloadableFile` (`MaterialId`, `Path`, `Size`, `Type`) VALUES(250, '/suscipit/a/feugiat.html', 14798, 'video/quicktime');
INSERT INTO `DownloadableFile` (`MaterialId`, `Path`, `Size`, `Type`) VALUES(251, '/bibendum/imperdiet/nullam/orci/pede.jpg', 3960, 'application/pdf');
INSERT INTO `DownloadableFile` (`MaterialId`, `Path`, `Size`, `Type`) VALUES(253, '/ultrices/posuere/cubilia.js', 15091, 'audio/x-mpeg-3');
INSERT INTO `DownloadableFile` (`MaterialId`, `Path`, `Size`, `Type`) VALUES(254, '/in/hac.js', 13667, 'application/x-troff-msvideo');
INSERT INTO `DownloadableFile` (`MaterialId`, `Path`, `Size`, `Type`) VALUES(258, '/quisque/arcu.aspx', 21812, 'audio/x-mpeg-3');
INSERT INTO `DownloadableFile` (`MaterialId`, `Path`, `Size`, `Type`) VALUES(263, '/natoque/penatibus/et/magnis.jsp', 5716, 'image/png');

--
-- Dumping data for table `Link`
--

INSERT INTO `Link` (`MaterialId`, `URL`, `VideoTag`) VALUES(1, 'https://course.ccs.neu.edu/cs5500f1602/Notes/Processes0/', 0);
INSERT INTO `Link` (`MaterialId`, `URL`, `VideoTag`) VALUES(2, 'https://course.ccs.neu.edu/cs5500f1602/Notes/ObjectOriented0/', 0);
INSERT INTO `Link` (`MaterialId`, `URL`, `VideoTag`) VALUES(4, 'https://course.ccs.neu.edu/cs5500f1602/Notes/Invariants0/', 0);
INSERT INTO `Link` (`MaterialId`, `URL`, `VideoTag`) VALUES(7, 'https://course.ccs.neu.edu/cs5500f1602/Notes/Testing0/', 0);
INSERT INTO `Link` (`MaterialId`, `URL`, `VideoTag`) VALUES(9, 'https://xrea.com/quisque/porta.xml?ac=quam&leo=turpis&pellentesque=adipiscing&ultrices=lorem&mattis=vitae&odio=mattis&donec=nibh&vitae=ligula&nisi=nec&nam=sem&ultrices=duis&libero=aliquam&non=convallis&mattis=nunc&pulvinar=proin&nulla=at&pede=turpis&ullamcorper=a&augue=pede&a=posuere&suscipit=nonummy&nulla=integer&elit=non&ac=velit&nulla=donec&sed=diam&vel=neque&enim=vestibulum&sit=eget&amet=vulputate&nunc=ut&viverra=ultrices&dapibus=vel&nulla=augue&suscipit=vestibulum&ligula=ante&in=ipsum&lacus=primis&curabitur=in&at=faucibus&ipsum=orci&ac=luctus&tellus=et&semper=ultrices&interdum=posuere&mauris=cubilia&ullamcorper=curae&purus=donec&sit=pharetra&amet=magna&nulla=vestibulum&quisque=aliquet&arcu=ultrices&libero=erat', 1);
INSERT INTO `Link` (`MaterialId`, `URL`, `VideoTag`) VALUES(10, 'https://globo.com/vulputate/nonummy/maecenas/tincidunt.jpg?diam=in&neque=est&vestibulum=risus&eget=auctor&vulputate=sed&ut=tristique&ultrices=in&vel=tempus&augue=sit&vestibulum=amet&ante=sem&ipsum=fusce&primis=consequat&in=nulla&faucibus=nisl&orci=nunc&luctus=nisl&et=duis&ultrices=bibendum&posuere=felis&cubilia=sed&curae=interdum&donec=venenatis&pharetra=turpis&magna=enim&vestibulum=blandit&aliquet=mi&ultrices=in&erat=porttitor&tortor=pede&sollicitudin=justo&mi=eu&sit=massa&amet=donec&lobortis=dapibus&sapien=duis&sapien=at&non=velit&mi=eu&integer=est&ac=congue&neque=elementum&duis=in&bibendum=hac&morbi=habitasse&non=platea&quam=dictumst&nec=morbi&dui=vestibulum&luctus=velit&rutrum=id&nulla=pretium&tellus=iaculis&in=diam&sagittis=erat&dui=fermentum&vel=justo&nisl=nec&duis=condimentum&ac=neque&nibh=sapien&fusce=placerat&lacus=ante&purus=nulla&aliquet=justo&at=aliquam&feugiat=quis&non=turpis&pretium=eget&quis=elit&lectus=sodales&suspendisse=scelerisque&potenti=mauris&in=sit&eleifend=amet&quam=eros&a=suspendisse&odio=accumsan&in=tortor&hac=quis&habitasse=turpis&platea=sed&dictumst=ante&maecenas=vivamus&ut=tortor&massa=duis&quis=mattis&augue=egestas&luctus=metus&tincidunt=aenean&nulla=fermentum&mollis=donec&molestie=ut&lorem=mauris', 0);
INSERT INTO `Link` (`MaterialId`, `URL`, `VideoTag`) VALUES(14, 'http://cnet.com/nec/euismod/scelerisque/quam.png?ultrices=massa&phasellus=donec&id=dapibus&sapien=duis&in=at&sapien=velit&iaculis=eu&congue=est&vivamus=congue&metus=elementum&arcu=in&adipiscing=hac&molestie=habitasse&hendrerit=platea&at=dictumst&vulputate=morbi&vitae=vestibulum&nisl=velit&aenean=id&lectus=pretium&pellentesque=iaculis&eget=diam&nunc=erat&donec=fermentum&quis=justo&orci=nec&eget=condimentum&orci=neque&vehicula=sapien&condimentum=placerat&curabitur=ante&in=nulla&libero=justo&ut=aliquam&massa=quis&volutpat=turpis&convallis=eget&morbi=elit&odio=sodales&odio=scelerisque&elementum=mauris&eu=sit&interdum=amet&eu=eros&tincidunt=suspendisse', 0);
INSERT INTO `Link` (`MaterialId`, `URL`, `VideoTag`) VALUES(16, 'https://cbsnews.com/nulla/suspendisse/potenti.aspx?tristique=diam&in=in&tempus=magna&sit=bibendum&amet=imperdiet&sem=nullam&fusce=orci&consequat=pede&nulla=venenatis&nisl=non&nunc=sodales&nisl=sed&duis=tincidunt&bibendum=eu&felis=felis&sed=fusce&interdum=posuere&venenatis=felis&turpis=sed&enim=lacus&blandit=morbi&mi=sem&in=mauris&porttitor=laoreet&pede=ut&justo=rhoncus&eu=aliquet&massa=pulvinar&donec=sed&dapibus=nisl&duis=nunc&at=rhoncus&velit=dui&eu=vel&est=sem&congue=sed&elementum=sagittis&in=nam&hac=congue&habitasse=risus&platea=semper&dictumst=porta&morbi=volutpat&vestibulum=quam&velit=pede&id=lobortis&pretium=ligula&iaculis=sit&diam=amet&erat=eleifend&fermentum=pede&justo=libero&nec=quis&condimentum=orci&neque=nullam&sapien=molestie&placerat=nibh&ante=in&nulla=lectus&justo=pellentesque&aliquam=at&quis=nulla&turpis=suspendisse&eget=potenti&elit=cras&sodales=in&scelerisque=purus&mauris=eu&sit=magna&amet=vulputate&eros=luctus&suspendisse=cum&accumsan=sociis&tortor=natoque&quis=penatibus&turpis=et&sed=magnis&ante=dis&vivamus=parturient&tortor=montes&duis=nascetur&mattis=ridiculus&egestas=mus&metus=vivamus&aenean=vestibulum&fermentum=sagittis&donec=sapien&ut=cum&mauris=sociis', 0);
INSERT INTO `Link` (`MaterialId`, `URL`, `VideoTag`) VALUES(21, 'https://xrea.com/viverra/pede/ac.json?nisi=non&volutpat=mauris&eleifend=morbi&donec=non&ut=lectus&dolor=aliquam&morbi=sit&vel=amet&lectus=diam&in=in&quam=magna&fringilla=bibendum&rhoncus=imperdiet&mauris=nullam&enim=orci&leo=pede&rhoncus=venenatis&sed=non&vestibulum=sodales&sit=sed&amet=tincidunt&cursus=eu&id=felis&turpis=fusce&integer=posuere&aliquet=felis&massa=sed&id=lacus&lobortis=morbi&convallis=sem&tortor=mauris&risus=laoreet&dapibus=ut&augue=rhoncus&vel=aliquet&accumsan=pulvinar&tellus=sed&nisi=nisl&eu=nunc&orci=rhoncus&mauris=dui&lacinia=vel', 0);
INSERT INTO `Link` (`MaterialId`, `URL`, `VideoTag`) VALUES(25, 'https://state.gov/nunc/vestibulum.jsp?sed=ultricies&tristique=eu&in=nibh&tempus=quisque&sit=id', 1);
INSERT INTO `Link` (`MaterialId`, `URL`, `VideoTag`) VALUES(26, 'http://yellowpages.com/ante/ipsum.json?justo=ut&in=nunc&blandit=vestibulum&ultrices=ante&enim=ipsum&lorem=primis&ipsum=in&dolor=faucibus&sit=orci&amet=luctus&consectetuer=et&adipiscing=ultrices&elit=posuere&proin=cubilia&interdum=curae&mauris=mauris', 1);
INSERT INTO `Link` (`MaterialId`, `URL`, `VideoTag`) VALUES(27, 'http://hibu.com/fusce/lacus.json?leo=etiam&odio=faucibus&condimentum=cursus&id=urna&luctus=ut&nec=tellus&molestie=nulla&sed=ut&justo=erat&pellentesque=id&viverra=mauris&pede=vulputate&ac=elementum&diam=nullam&cras=varius&pellentesque=nulla&volutpat=facilisi&dui=cras&maecenas=non&tristique=velit&est=nec&et=nisi&tempus=vulputate&semper=nonummy&est=maecenas&quam=tincidunt&pharetra=lacus&magna=at&ac=velit&consequat=vivamus&metus=vel&sapien=nulla&ut=eget&nunc=eros&vestibulum=elementum&ante=pellentesque&ipsum=quisque&primis=porta&in=volutpat&faucibus=erat&orci=quisque&luctus=erat&et=eros&ultrices=viverra&posuere=eget&cubilia=congue&curae=eget&mauris=semper&viverra=rutrum&diam=nulla&vitae=nunc&quam=purus&suspendisse=phasellus&potenti=in&nullam=felis&porttitor=donec&lacus=semper&at=sapien&turpis=a&donec=libero&posuere=nam&metus=dui', 0);
INSERT INTO `Link` (`MaterialId`, `URL`, `VideoTag`) VALUES(28, 'http://github.io/ipsum/primis.jpg?nonummy=vulputate&integer=ut&non=ultrices&velit=vel&donec=augue&diam=vestibulum&neque=ante&vestibulum=ipsum&eget=primis&vulputate=in&ut=faucibus&ultrices=orci&vel=luctus&augue=et&vestibulum=ultrices&ante=posuere&ipsum=cubilia&primis=curae&in=donec&faucibus=pharetra&orci=magna&luctus=vestibulum&et=aliquet&ultrices=ultrices&posuere=erat&cubilia=tortor&curae=sollicitudin&donec=mi&pharetra=sit&magna=amet&vestibulum=lobortis&aliquet=sapien&ultrices=sapien&erat=non&tortor=mi&sollicitudin=integer&mi=ac&sit=neque&amet=duis&lobortis=bibendum&sapien=morbi&sapien=non&non=quam&mi=nec&integer=dui&ac=luctus&neque=rutrum&duis=nulla&bibendum=tellus&morbi=in&non=sagittis&quam=dui&nec=vel&dui=nisl', 1);
INSERT INTO `Link` (`MaterialId`, `URL`, `VideoTag`) VALUES(29, 'https://apple.com/fringilla/rhoncus/mauris.xml?scelerisque=massa&quam=id&turpis=lobortis&adipiscing=convallis&lorem=tortor&vitae=risus&mattis=dapibus&nibh=augue&ligula=vel&nec=accumsan&sem=tellus&duis=nisi&aliquam=eu&convallis=orci&nunc=mauris&proin=lacinia&at=sapien&turpis=quis&a=libero&pede=nullam&posuere=sit&nonummy=amet&integer=turpis&non=elementum&velit=ligula&donec=vehicula&diam=consequat&neque=morbi&vestibulum=a&eget=ipsum&vulputate=integer&ut=a&ultrices=nibh&vel=in&augue=quis&vestibulum=justo&ante=maecenas&ipsum=rhoncus&primis=aliquam&in=lacus&faucibus=morbi&orci=quis&luctus=tortor&et=id&ultrices=nulla&posuere=ultrices&cubilia=aliquet&curae=maecenas&donec=leo&pharetra=odio&magna=condimentum&vestibulum=id&aliquet=luctus&ultrices=nec&erat=molestie&tortor=sed&sollicitudin=justo&mi=pellentesque&sit=viverra&amet=pede&lobortis=ac&sapien=diam&sapien=cras&non=pellentesque&mi=volutpat&integer=dui&ac=maecenas&neque=tristique&duis=est&bibendum=et&morbi=tempus&non=semper&quam=est&nec=quam&dui=pharetra&luctus=magna&rutrum=ac&nulla=consequat&tellus=metus&in=sapien&sagittis=ut&dui=nunc&vel=vestibulum&nisl=ante&duis=ipsum&ac=primis&nibh=in&fusce=faucibus&lacus=orci&purus=luctus&aliquet=et&at=ultrices&feugiat=posuere&non=cubilia&pretium=curae&quis=mauris&lectus=viverra', 1);
INSERT INTO `Link` (`MaterialId`, `URL`, `VideoTag`) VALUES(37, 'http://independent.co.uk/faucibus/accumsan.jsp?nisi=tristique&volutpat=in&eleifend=tempus&donec=sit&ut=amet&dolor=sem&morbi=fusce&vel=consequat&lectus=nulla&in=nisl&quam=nunc&fringilla=nisl&rhoncus=duis&mauris=bibendum&enim=felis&leo=sed&rhoncus=interdum&sed=venenatis&vestibulum=turpis&sit=enim&amet=blandit&cursus=mi&id=in&turpis=porttitor&integer=pede&aliquet=justo&massa=eu&id=massa&lobortis=donec&convallis=dapibus&tortor=duis', 0);
INSERT INTO `Link` (`MaterialId`, `URL`, `VideoTag`) VALUES(39, 'https://wsj.com/hac.xml?ultrices=sit&posuere=amet&cubilia=consectetuer&curae=adipiscing&donec=elit&pharetra=proin&magna=interdum&vestibulum=mauris&aliquet=non&ultrices=ligula&erat=pellentesque&tortor=ultrices&sollicitudin=phasellus&mi=id&sit=sapien&amet=in&lobortis=sapien&sapien=iaculis&sapien=congue&non=vivamus&mi=metus&integer=arcu&ac=adipiscing&neque=molestie&duis=hendrerit&bibendum=at&morbi=vulputate&non=vitae&quam=nisl&nec=aenean&dui=lectus&luctus=pellentesque&rutrum=eget&nulla=nunc&tellus=donec&in=quis', 1);
INSERT INTO `Link` (`MaterialId`, `URL`, `VideoTag`) VALUES(40, 'https://unesco.org/luctus/rutrum/nulla.aspx?neque=non&libero=mi&convallis=integer&eget=ac&eleifend=neque&luctus=duis&ultricies=bibendum&eu=morbi&nibh=non&quisque=quam&id=nec&justo=dui&sit=luctus&amet=rutrum&sapien=nulla&dignissim=tellus&vestibulum=in&vestibulum=sagittis&ante=dui&ipsum=vel&primis=nisl&in=duis&faucibus=ac&orci=nibh&luctus=fusce&et=lacus&ultrices=purus&posuere=aliquet&cubilia=at&curae=feugiat&nulla=non&dapibus=pretium&dolor=quis&vel=lectus&est=suspendisse&donec=potenti&odio=in&justo=eleifend&sollicitudin=quam&ut=a&suscipit=odio&a=in&feugiat=hac&et=habitasse&eros=platea&vestibulum=dictumst&ac=maecenas&est=ut&lacinia=massa&nisi=quis&venenatis=augue&tristique=luctus&fusce=tincidunt', 0);
INSERT INTO `Link` (`MaterialId`, `URL`, `VideoTag`) VALUES(41, 'https://google.com/est/et/tempus/semper/est.html?sed=ligula&sagittis=nec&nam=sem&congue=duis&risus=aliquam&semper=convallis&porta=nunc&volutpat=proin&quam=at&pede=turpis&lobortis=a&ligula=pede&sit=posuere&amet=nonummy&eleifend=integer&pede=non&libero=velit&quis=donec&orci=diam&nullam=neque&molestie=vestibulum&nibh=eget&in=vulputate&lectus=ut&pellentesque=ultrices&at=vel&nulla=augue&suspendisse=vestibulum&potenti=ante&cras=ipsum&in=primis&purus=in&eu=faucibus&magna=orci&vulputate=luctus&luctus=et&cum=ultrices&sociis=posuere&natoque=cubilia&penatibus=curae&et=donec&magnis=pharetra&dis=magna&parturient=vestibulum&montes=aliquet&nascetur=ultrices&ridiculus=erat&mus=tortor&vivamus=sollicitudin&vestibulum=mi&sagittis=sit&sapien=amet&cum=lobortis&sociis=sapien&natoque=sapien&penatibus=non&et=mi', 0);
INSERT INTO `Link` (`MaterialId`, `URL`, `VideoTag`) VALUES(42, 'https://meetup.com/sit/amet/sem.html?amet=viverra&diam=dapibus&in=nulla&magna=suscipit&bibendum=ligula&imperdiet=in&nullam=lacus&orci=curabitur&pede=at&venenatis=ipsum&non=ac&sodales=tellus&sed=semper&tincidunt=interdum&eu=mauris&felis=ullamcorper&fusce=purus&posuere=sit&felis=amet&sed=nulla&lacus=quisque&morbi=arcu&sem=libero&mauris=rutrum&laoreet=ac&ut=lobortis&rhoncus=vel&aliquet=dapibus&pulvinar=at&sed=diam&nisl=nam&nunc=tristique&rhoncus=tortor&dui=eu&vel=pede', 0);
INSERT INTO `Link` (`MaterialId`, `URL`, `VideoTag`) VALUES(43, 'https://blogger.com/odio/elementum/eu.png?parturient=elit&montes=proin&nascetur=interdum&ridiculus=mauris&mus=non&etiam=ligula&vel=pellentesque&augue=ultrices&vestibulum=phasellus&rutrum=id&rutrum=sapien&neque=in&aenean=sapien&auctor=iaculis&gravida=congue&sem=vivamus&praesent=metus&id=arcu&massa=adipiscing&id=molestie&nisl=hendrerit&venenatis=at&lacinia=vulputate&aenean=vitae&sit=nisl&amet=aenean&justo=lectus&morbi=pellentesque&ut=eget&odio=nunc&cras=donec&mi=quis&pede=orci&malesuada=eget&in=orci&imperdiet=vehicula', 1);
INSERT INTO `Link` (`MaterialId`, `URL`, `VideoTag`) VALUES(44, 'https://timesonline.co.uk/ultricies/eu/nibh/quisque/id/justo/sit.png?volutpat=massa&in=quis&congue=augue&etiam=luctus&justo=tincidunt&etiam=nulla&pretium=mollis&iaculis=molestie', 1);
INSERT INTO `Link` (`MaterialId`, `URL`, `VideoTag`) VALUES(46, 'https://posterous.com/viverra/diam/vitae/quam/suspendisse/potenti.html?sed=tortor&lacus=duis', 1);
INSERT INTO `Link` (`MaterialId`, `URL`, `VideoTag`) VALUES(48, 'https://baidu.com/viverra/dapibus.png?in=nisl&magna=duis&bibendum=ac&imperdiet=nibh&nullam=fusce&orci=lacus&pede=purus&venenatis=aliquet&non=at&sodales=feugiat&sed=non&tincidunt=pretium&eu=quis&felis=lectus&fusce=suspendisse&posuere=potenti&felis=in&sed=eleifend&lacus=quam&morbi=a&sem=odio&mauris=in&laoreet=hac&ut=habitasse&rhoncus=platea&aliquet=dictumst&pulvinar=maecenas&sed=ut&nisl=massa&nunc=quis&rhoncus=augue&dui=luctus&vel=tincidunt&sem=nulla&sed=mollis&sagittis=molestie&nam=lorem&congue=quisque', 1);
INSERT INTO `Link` (`MaterialId`, `URL`, `VideoTag`) VALUES(50, 'http://imgur.com/varius/ut/blandit/non/interdum/in/ante.html?ornare=nisl&consequat=duis&lectus=bibendum&in=felis&est=sed&risus=interdum&auctor=venenatis&sed=turpis&tristique=enim&in=blandit&tempus=mi&sit=in&amet=porttitor&sem=pede&fusce=justo&consequat=eu&nulla=massa&nisl=donec&nunc=dapibus&nisl=duis&duis=at&bibendum=velit&felis=eu&sed=est&interdum=congue&venenatis=elementum&turpis=in&enim=hac&blandit=habitasse&mi=platea&in=dictumst&porttitor=morbi&pede=vestibulum&justo=velit&eu=id&massa=pretium&donec=iaculis&dapibus=diam&duis=erat&at=fermentum&velit=justo&eu=nec&est=condimentum&congue=neque&elementum=sapien&in=placerat&hac=ante&habitasse=nulla&platea=justo&dictumst=aliquam&morbi=quis&vestibulum=turpis&velit=eget&id=elit&pretium=sodales&iaculis=scelerisque&diam=mauris&erat=sit&fermentum=amet&justo=eros&nec=suspendisse&condimentum=accumsan&neque=tortor&sapien=quis&placerat=turpis&ante=sed&nulla=ante&justo=vivamus&aliquam=tortor&quis=duis&turpis=mattis&eget=egestas&elit=metus&sodales=aenean&scelerisque=fermentum&mauris=donec&sit=ut&amet=mauris&eros=eget&suspendisse=massa&accumsan=tempor&tortor=convallis&quis=nulla&turpis=neque&sed=libero&ante=convallis&vivamus=eget&tortor=eleifend&duis=luctus&mattis=ultricies&egestas=eu&metus=nibh', 1);
INSERT INTO `Link` (`MaterialId`, `URL`, `VideoTag`) VALUES(51, 'https://usda.gov/non/mi.jpg?sem=volutpat&praesent=quam&id=pede&massa=lobortis&id=ligula&nisl=sit&venenatis=amet&lacinia=eleifend&aenean=pede&sit=libero&amet=quis&justo=orci&morbi=nullam&ut=molestie&odio=nibh&cras=in&mi=lectus&pede=pellentesque&malesuada=at&in=nulla&imperdiet=suspendisse&et=potenti&commodo=cras&vulputate=in&justo=purus&in=eu&blandit=magna&ultrices=vulputate&enim=luctus&lorem=cum&ipsum=sociis&dolor=natoque&sit=penatibus&amet=et&consectetuer=magnis&adipiscing=dis&elit=parturient&proin=montes&interdum=nascetur&mauris=ridiculus&non=mus&ligula=vivamus&pellentesque=vestibulum&ultrices=sagittis&phasellus=sapien&id=cum&sapien=sociis&in=natoque&sapien=penatibus&iaculis=et&congue=magnis&vivamus=dis&metus=parturient&arcu=montes&adipiscing=nascetur&molestie=ridiculus&hendrerit=mus&at=etiam&vulputate=vel&vitae=augue&nisl=vestibulum&aenean=rutrum&lectus=rutrum&pellentesque=neque&eget=aenean&nunc=auctor&donec=gravida&quis=sem&orci=praesent', 0);
INSERT INTO `Link` (`MaterialId`, `URL`, `VideoTag`) VALUES(52, 'http://purevolume.com/rutrum/ac/lobortis/vel/dapibus/at.js?morbi=odio&vel=porttitor&lectus=id&in=consequat&quam=in&fringilla=consequat&rhoncus=ut&mauris=nulla&enim=sed&leo=accumsan&rhoncus=felis&sed=ut&vestibulum=at&sit=dolor&amet=quis&cursus=odio&id=consequat&turpis=varius&integer=integer&aliquet=ac&massa=leo&id=pellentesque&lobortis=ultrices&convallis=mattis&tortor=odio&risus=donec&dapibus=vitae&augue=nisi&vel=nam&accumsan=ultrices&tellus=libero&nisi=non&eu=mattis&orci=pulvinar&mauris=nulla&lacinia=pede&sapien=ullamcorper&quis=augue&libero=a&nullam=suscipit&sit=nulla&amet=elit&turpis=ac&elementum=nulla&ligula=sed&vehicula=vel&consequat=enim&morbi=sit&a=amet&ipsum=nunc&integer=viverra&a=dapibus&nibh=nulla&in=suscipit&quis=ligula&justo=in&maecenas=lacus&rhoncus=curabitur&aliquam=at&lacus=ipsum&morbi=ac&quis=tellus&tortor=semper&id=interdum&nulla=mauris&ultrices=ullamcorper&aliquet=purus&maecenas=sit&leo=amet&odio=nulla&condimentum=quisque&id=arcu&luctus=libero&nec=rutrum&molestie=ac&sed=lobortis&justo=vel&pellentesque=dapibus&viverra=at&pede=diam&ac=nam&diam=tristique&cras=tortor', 1);
INSERT INTO `Link` (`MaterialId`, `URL`, `VideoTag`) VALUES(53, 'https://wordpress.com/mauris/enim/leo/rhoncus/sed/vestibulum/sit.jpg?morbi=sapien&ut=in&odio=sapien&cras=iaculis&mi=congue&pede=vivamus&malesuada=metus&in=arcu&imperdiet=adipiscing&et=molestie&commodo=hendrerit&vulputate=at&justo=vulputate&in=vitae&blandit=nisl&ultrices=aenean&enim=lectus&lorem=pellentesque&ipsum=eget&dolor=nunc&sit=donec&amet=quis&consectetuer=orci&adipiscing=eget&elit=orci&proin=vehicula&interdum=condimentum&mauris=curabitur&non=in&ligula=libero&pellentesque=ut&ultrices=massa&phasellus=volutpat&id=convallis&sapien=morbi&in=odio&sapien=odio&iaculis=elementum&congue=eu&vivamus=interdum&metus=eu&arcu=tincidunt&adipiscing=in&molestie=leo&hendrerit=maecenas&at=pulvinar&vulputate=lobortis&vitae=est&nisl=phasellus&aenean=sit&lectus=amet&pellentesque=erat&eget=nulla&nunc=tempus&donec=vivamus&quis=in&orci=felis&eget=eu&orci=sapien&vehicula=cursus&condimentum=vestibulum&curabitur=proin&in=eu&libero=mi&ut=nulla&massa=ac&volutpat=enim&convallis=in&morbi=tempor&odio=turpis&odio=nec&elementum=euismod&eu=scelerisque&interdum=quam&eu=turpis&tincidunt=adipiscing&in=lorem&leo=vitae&maecenas=mattis&pulvinar=nibh', 0);
INSERT INTO `Link` (`MaterialId`, `URL`, `VideoTag`) VALUES(58, 'https://bbb.org/lacinia/aenean/sit/amet.png?quam=nulla&suspendisse=elit&potenti=ac&nullam=nulla&porttitor=sed&lacus=vel&at=enim&turpis=sit&donec=amet&posuere=nunc&metus=viverra&vitae=dapibus&ipsum=nulla&aliquam=suscipit&non=ligula&mauris=in&morbi=lacus&non=curabitur&lectus=at&aliquam=ipsum&sit=ac&amet=tellus&diam=semper&in=interdum&magna=mauris', 1);
INSERT INTO `Link` (`MaterialId`, `URL`, `VideoTag`) VALUES(59, 'http://scientificamerican.com/hac/habitasse/platea/dictumst/aliquam/augue.aspx?interdum=orci&venenatis=mauris&turpis=lacinia&enim=sapien&blandit=quis&mi=libero&in=nullam&porttitor=sit&pede=amet&justo=turpis&eu=elementum&massa=ligula&donec=vehicula&dapibus=consequat&duis=morbi&at=a&velit=ipsum&eu=integer&est=a&congue=nibh&elementum=in', 0);
INSERT INTO `Link` (`MaterialId`, `URL`, `VideoTag`) VALUES(65, 'http://kickstarter.com/ac/diam/cras.aspx?lacus=mauris&purus=sit&aliquet=amet&at=eros&feugiat=suspendisse&non=accumsan&pretium=tortor&quis=quis&lectus=turpis&suspendisse=sed&potenti=ante&in=vivamus&eleifend=tortor&quam=duis&a=mattis&odio=egestas&in=metus&hac=aenean&habitasse=fermentum&platea=donec&dictumst=ut&maecenas=mauris&ut=eget&massa=massa&quis=tempor&augue=convallis&luctus=nulla&tincidunt=neque&nulla=libero&mollis=convallis&molestie=eget&lorem=eleifend&quisque=luctus&ut=ultricies&erat=eu&curabitur=nibh&gravida=quisque&nisi=id&at=justo&nibh=sit&in=amet&hac=sapien&habitasse=dignissim&platea=vestibulum&dictumst=vestibulum&aliquam=ante&augue=ipsum&quam=primis&sollicitudin=in&vitae=faucibus&consectetuer=orci&eget=luctus&rutrum=et&at=ultrices&lorem=posuere&integer=cubilia&tincidunt=curae&ante=nulla&vel=dapibus&ipsum=dolor&praesent=vel&blandit=est&lacinia=donec&erat=odio&vestibulum=justo&sed=sollicitudin&magna=ut&at=suscipit&nunc=a&commodo=feugiat&placerat=et&praesent=eros&blandit=vestibulum&nam=ac&nulla=est&integer=lacinia&pede=nisi&justo=venenatis&lacinia=tristique&eget=fusce&tincidunt=congue&eget=diam&tempus=id', 0);
INSERT INTO `Link` (`MaterialId`, `URL`, `VideoTag`) VALUES(67, 'https://comcast.net/eget/eros/elementum/pellentesque.jpg?eros=etiam&elementum=pretium&pellentesque=iaculis&quisque=justo&porta=in&volutpat=hac&erat=habitasse&quisque=platea&erat=dictumst&eros=etiam&viverra=faucibus&eget=cursus&congue=urna&eget=ut&semper=tellus&rutrum=nulla&nulla=ut&nunc=erat&purus=id&phasellus=mauris&in=vulputate&felis=elementum&donec=nullam&semper=varius&sapien=nulla&a=facilisi&libero=cras&nam=non&dui=velit&proin=nec&leo=nisi&odio=vulputate&porttitor=nonummy&id=maecenas&consequat=tincidunt&in=lacus&consequat=at&ut=velit&nulla=vivamus&sed=vel&accumsan=nulla&felis=eget&ut=eros&at=elementum&dolor=pellentesque&quis=quisque&odio=porta&consequat=volutpat&varius=erat&integer=quisque&ac=erat&leo=eros&pellentesque=viverra&ultrices=eget&mattis=congue&odio=eget&donec=semper&vitae=rutrum&nisi=nulla&nam=nunc&ultrices=purus&libero=phasellus&non=in&mattis=felis&pulvinar=donec&nulla=semper&pede=sapien&ullamcorper=a&augue=libero&a=nam&suscipit=dui&nulla=proin&elit=leo&ac=odio&nulla=porttitor&sed=id', 1);
INSERT INTO `Link` (`MaterialId`, `URL`, `VideoTag`) VALUES(68, 'https://goodreads.com/et/magnis/dis/parturient/montes.png?turpis=nulla&nec=nunc&euismod=purus&scelerisque=phasellus&quam=in&turpis=felis&adipiscing=donec&lorem=semper&vitae=sapien&mattis=a&nibh=libero&ligula=nam&nec=dui&sem=proin&duis=leo&aliquam=odio&convallis=porttitor&nunc=id&proin=consequat&at=in&turpis=consequat&a=ut&pede=nulla&posuere=sed&nonummy=accumsan&integer=felis&non=ut&velit=at&donec=dolor&diam=quis&neque=odio&vestibulum=consequat&eget=varius&vulputate=integer&ut=ac&ultrices=leo&vel=pellentesque&augue=ultrices&vestibulum=mattis&ante=odio&ipsum=donec&primis=vitae&in=nisi&faucibus=nam&orci=ultrices&luctus=libero&et=non&ultrices=mattis&posuere=pulvinar&cubilia=nulla&curae=pede&donec=ullamcorper&pharetra=augue&magna=a&vestibulum=suscipit&aliquet=nulla&ultrices=elit&erat=ac&tortor=nulla&sollicitudin=sed&mi=vel&sit=enim&amet=sit&lobortis=amet&sapien=nunc&sapien=viverra&non=dapibus&mi=nulla&integer=suscipit&ac=ligula&neque=in&duis=lacus&bibendum=curabitur&morbi=at&non=ipsum&quam=ac&nec=tellus&dui=semper', 1);
INSERT INTO `Link` (`MaterialId`, `URL`, `VideoTag`) VALUES(73, 'http://bigcartel.com/amet/eleifend.xml?pretium=nibh&nisl=in&ut=hac&volutpat=habitasse&sapien=platea&arcu=dictumst&sed=aliquam&augue=augue&aliquam=quam&erat=sollicitudin&volutpat=vitae&in=consectetuer&congue=eget&etiam=rutrum&justo=at&etiam=lorem&pretium=integer&iaculis=tincidunt&justo=ante&in=vel&hac=ipsum&habitasse=praesent&platea=blandit&dictumst=lacinia&etiam=erat', 0);
INSERT INTO `Link` (`MaterialId`, `URL`, `VideoTag`) VALUES(76, 'https://buzzfeed.com/id/ornare/imperdiet/sapien/urna.aspx?dolor=non&sit=quam&amet=nec&consectetuer=dui&adipiscing=luctus&elit=rutrum&proin=nulla&risus=tellus&praesent=in&lectus=sagittis&vestibulum=dui&quam=vel&sapien=nisl&varius=duis&ut=ac&blandit=nibh&non=fusce', 1);
INSERT INTO `Link` (`MaterialId`, `URL`, `VideoTag`) VALUES(79, 'https://hp.com/elit/proin/risus.png?nec=non&euismod=mi&scelerisque=integer&quam=ac&turpis=neque&adipiscing=duis&lorem=bibendum&vitae=morbi&mattis=non&nibh=quam&ligula=nec&nec=dui&sem=luctus&duis=rutrum&aliquam=nulla&convallis=tellus&nunc=in&proin=sagittis&at=dui&turpis=vel&a=nisl&pede=duis&posuere=ac&nonummy=nibh&integer=fusce&non=lacus&velit=purus&donec=aliquet', 0);
INSERT INTO `Link` (`MaterialId`, `URL`, `VideoTag`) VALUES(80, 'http://google.de/quam/pede/lobortis/ligula/sit.jpg?diam=diam&id=id&ornare=ornare&imperdiet=imperdiet&sapien=sapien&urna=urna&pretium=pretium&nisl=nisl&ut=ut&volutpat=volutpat&sapien=sapien&arcu=arcu&sed=sed&augue=augue&aliquam=aliquam&erat=erat&volutpat=volutpat&in=in&congue=congue&etiam=etiam&justo=justo&etiam=etiam&pretium=pretium&iaculis=iaculis&justo=justo&in=in&hac=hac&habitasse=habitasse&platea=platea&dictumst=dictumst&etiam=etiam&faucibus=faucibus&cursus=cursus&urna=urna&ut=ut&tellus=tellus&nulla=nulla&ut=ut&erat=erat&id=id&mauris=mauris&vulputate=vulputate&elementum=elementum&nullam=nullam&varius=varius&nulla=nulla&facilisi=facilisi&cras=cras&non=non&velit=velit&nec=nec&nisi=nisi&vulputate=vulputate&nonummy=nonummy&maecenas=maecenas&tincidunt=tincidunt&lacus=lacus&at=at&velit=velit&vivamus=vivamus&vel=vel&nulla=nulla&eget=eget&eros=eros&elementum=elementum&pellentesque=pellentesque&quisque=quisque&porta=porta&volutpat=volutpat&erat=erat&quisque=quisque&erat=erat&eros=eros&viverra=viverra&eget=eget&congue=congue&eget=eget&semper=semper&rutrum=rutrum&nulla=nulla&nunc=nunc&purus=purus&phasellus=phasellus&in=in', 1);
INSERT INTO `Link` (`MaterialId`, `URL`, `VideoTag`) VALUES(85, 'https://theguardian.com/ultrices/posuere/cubilia/curae.js?nonummy=non&maecenas=mattis&tincidunt=pulvinar&lacus=nulla&at=pede&velit=ullamcorper&vivamus=augue&vel=a&nulla=suscipit&eget=nulla&eros=elit&elementum=ac&pellentesque=nulla&quisque=sed&porta=vel&volutpat=enim&erat=sit&quisque=amet&erat=nunc&eros=viverra&viverra=dapibus&eget=nulla', 1);
INSERT INTO `Link` (`MaterialId`, `URL`, `VideoTag`) VALUES(89, 'https://nationalgeographic.com/nulla/suspendisse/potenti/cras/in.jpg?ligula=erat&sit=volutpat&amet=in&eleifend=congue&pede=etiam&libero=justo&quis=etiam&orci=pretium&nullam=iaculis&molestie=justo&nibh=in&in=hac&lectus=habitasse&pellentesque=platea&at=dictumst&nulla=etiam&suspendisse=faucibus&potenti=cursus&cras=urna&in=ut&purus=tellus&eu=nulla&magna=ut&vulputate=erat&luctus=id&cum=mauris&sociis=vulputate&natoque=elementum&penatibus=nullam&et=varius&magnis=nulla&dis=facilisi&parturient=cras&montes=non&nascetur=velit&ridiculus=nec&mus=nisi&vivamus=vulputate&vestibulum=nonummy&sagittis=maecenas', 1);
INSERT INTO `Link` (`MaterialId`, `URL`, `VideoTag`) VALUES(90, 'https://gravatar.com/in/faucibus/orci/luctus.png?turpis=vitae&a=mattis&pede=nibh&posuere=ligula&nonummy=nec&integer=sem&non=duis&velit=aliquam&donec=convallis&diam=nunc&neque=proin&vestibulum=at&eget=turpis&vulputate=a&ut=pede&ultrices=posuere&vel=nonummy&augue=integer&vestibulum=non&ante=velit&ipsum=donec&primis=diam&in=neque&faucibus=vestibulum&orci=eget&luctus=vulputate&et=ut&ultrices=ultrices&posuere=vel&cubilia=augue&curae=vestibulum&donec=ante&pharetra=ipsum&magna=primis&vestibulum=in&aliquet=faucibus&ultrices=orci&erat=luctus&tortor=et&sollicitudin=ultrices&mi=posuere&sit=cubilia&amet=curae&lobortis=donec&sapien=pharetra&sapien=magna&non=vestibulum&mi=aliquet&integer=ultrices&ac=erat&neque=tortor&duis=sollicitudin&bibendum=mi&morbi=sit&non=amet&quam=lobortis&nec=sapien&dui=sapien&luctus=non&rutrum=mi&nulla=integer&tellus=ac&in=neque&sagittis=duis&dui=bibendum&vel=morbi&nisl=non&duis=quam&ac=nec&nibh=dui&fusce=luctus&lacus=rutrum', 0);
INSERT INTO `Link` (`MaterialId`, `URL`, `VideoTag`) VALUES(94, 'http://purevolume.com/etiam/faucibus/cursus/urna/ut/tellus.png?bibendum=massa&imperdiet=volutpat&nullam=convallis&orci=morbi&pede=odio', 1);
INSERT INTO `Link` (`MaterialId`, `URL`, `VideoTag`) VALUES(95, 'http://fema.gov/enim/in/tempor/turpis/nec/euismod/scelerisque.html?integer=mauris&a=viverra&nibh=diam&in=vitae&quis=quam&justo=suspendisse&maecenas=potenti&rhoncus=nullam&aliquam=porttitor&lacus=lacus&morbi=at&quis=turpis&tortor=donec&id=posuere&nulla=metus&ultrices=vitae&aliquet=ipsum&maecenas=aliquam&leo=non&odio=mauris&condimentum=morbi', 0);
INSERT INTO `Link` (`MaterialId`, `URL`, `VideoTag`) VALUES(101, 'http://cbc.ca/feugiat/et/eros/vestibulum/ac/est.xml?est=fusce&donec=lacus&odio=purus&justo=aliquet&sollicitudin=at&ut=feugiat&suscipit=non&a=pretium&feugiat=quis&et=lectus&eros=suspendisse&vestibulum=potenti&ac=in&est=eleifend&lacinia=quam&nisi=a&venenatis=odio&tristique=in&fusce=hac&congue=habitasse&diam=platea&id=dictumst&ornare=maecenas&imperdiet=ut&sapien=massa&urna=quis&pretium=augue&nisl=luctus&ut=tincidunt&volutpat=nulla&sapien=mollis&arcu=molestie&sed=lorem&augue=quisque&aliquam=ut&erat=erat&volutpat=curabitur&in=gravida&congue=nisi&etiam=at&justo=nibh&etiam=in&pretium=hac&iaculis=habitasse&justo=platea&in=dictumst&hac=aliquam&habitasse=augue&platea=quam&dictumst=sollicitudin&etiam=vitae&faucibus=consectetuer&cursus=eget&urna=rutrum&ut=at&tellus=lorem&nulla=integer&ut=tincidunt&erat=ante&id=vel&mauris=ipsum&vulputate=praesent&elementum=blandit&nullam=lacinia&varius=erat&nulla=vestibulum&facilisi=sed&cras=magna&non=at', 0);
INSERT INTO `Link` (`MaterialId`, `URL`, `VideoTag`) VALUES(102, 'http://mlb.com/pretium/iaculis.js?euismod=eget&scelerisque=tempus&quam=vel&turpis=pede&adipiscing=morbi&lorem=porttitor&vitae=lorem&mattis=id&nibh=ligula&ligula=suspendisse&nec=ornare&sem=consequat&duis=lectus&aliquam=in&convallis=est&nunc=risus&proin=auctor&at=sed&turpis=tristique&a=in&pede=tempus&posuere=sit&nonummy=amet&integer=sem&non=fusce&velit=consequat&donec=nulla&diam=nisl&neque=nunc&vestibulum=nisl&eget=duis&vulputate=bibendum&ut=felis&ultrices=sed&vel=interdum&augue=venenatis&vestibulum=turpis&ante=enim&ipsum=blandit&primis=mi&in=in&faucibus=porttitor&orci=pede&luctus=justo&et=eu&ultrices=massa&posuere=donec&cubilia=dapibus&curae=duis&donec=at&pharetra=velit&magna=eu&vestibulum=est&aliquet=congue&ultrices=elementum&erat=in&tortor=hac&sollicitudin=habitasse&mi=platea&sit=dictumst&amet=morbi&lobortis=vestibulum&sapien=velit&sapien=id&non=pretium&mi=iaculis', 0);
INSERT INTO `Link` (`MaterialId`, `URL`, `VideoTag`) VALUES(118, 'https://odnoklassniki.ru/velit/nec/nisi/vulputate/nonummy/maecenas/tincidunt.jsp?lobortis=massa&sapien=donec&sapien=dapibus&non=duis&mi=at&integer=velit&ac=eu&neque=est&duis=congue&bibendum=elementum&morbi=in&non=hac&quam=habitasse&nec=platea&dui=dictumst&luctus=morbi&rutrum=vestibulum&nulla=velit&tellus=id&in=pretium&sagittis=iaculis&dui=diam&vel=erat&nisl=fermentum&duis=justo&ac=nec&nibh=condimentum&fusce=neque&lacus=sapien&purus=placerat&aliquet=ante&at=nulla&feugiat=justo&non=aliquam&pretium=quis&quis=turpis&lectus=eget&suspendisse=elit&potenti=sodales&in=scelerisque&eleifend=mauris&quam=sit&a=amet&odio=eros&in=suspendisse&hac=accumsan&habitasse=tortor&platea=quis&dictumst=turpis&maecenas=sed&ut=ante&massa=vivamus&quis=tortor&augue=duis&luctus=mattis&tincidunt=egestas&nulla=metus&mollis=aenean&molestie=fermentum&lorem=donec&quisque=ut&ut=mauris&erat=eget&curabitur=massa&gravida=tempor&nisi=convallis&at=nulla&nibh=neque', 1);
INSERT INTO `Link` (`MaterialId`, `URL`, `VideoTag`) VALUES(119, 'https://mit.edu/lorem/ipsum.aspx?elit=urna&proin=pretium&interdum=nisl&mauris=ut&non=volutpat&ligula=sapien&pellentesque=arcu&ultrices=sed&phasellus=augue&id=aliquam&sapien=erat&in=volutpat&sapien=in&iaculis=congue&congue=etiam&vivamus=justo&metus=etiam&arcu=pretium&adipiscing=iaculis&molestie=justo&hendrerit=in&at=hac&vulputate=habitasse&vitae=platea&nisl=dictumst&aenean=etiam&lectus=faucibus&pellentesque=cursus&eget=urna&nunc=ut&donec=tellus&quis=nulla&orci=ut&eget=erat&orci=id&vehicula=mauris&condimentum=vulputate&curabitur=elementum&in=nullam&libero=varius&ut=nulla&massa=facilisi&volutpat=cras&convallis=non&morbi=velit&odio=nec&odio=nisi&elementum=vulputate&eu=nonummy&interdum=maecenas&eu=tincidunt&tincidunt=lacus&in=at&leo=velit&maecenas=vivamus&pulvinar=vel&lobortis=nulla&est=eget&phasellus=eros&sit=elementum&amet=pellentesque&erat=quisque&nulla=porta&tempus=volutpat&vivamus=erat&in=quisque&felis=erat&eu=eros&sapien=viverra&cursus=eget&vestibulum=congue&proin=eget&eu=semper&mi=rutrum&nulla=nulla&ac=nunc&enim=purus&in=phasellus&tempor=in&turpis=felis&nec=donec&euismod=semper&scelerisque=sapien&quam=a&turpis=libero&adipiscing=nam&lorem=dui&vitae=proin&mattis=leo&nibh=odio&ligula=porttitor&nec=id&sem=consequat&duis=in', 1);
INSERT INTO `Link` (`MaterialId`, `URL`, `VideoTag`) VALUES(120, 'http://gov.uk/ut/tellus/nulla/ut/erat/id.jsp?nibh=vestibulum&in=sit&quis=amet&justo=cursus&maecenas=id&rhoncus=turpis&aliquam=integer&lacus=aliquet&morbi=massa&quis=id&tortor=lobortis&id=convallis&nulla=tortor&ultrices=risus&aliquet=dapibus&maecenas=augue&leo=vel&odio=accumsan&condimentum=tellus&id=nisi&luctus=eu&nec=orci&molestie=mauris&sed=lacinia&justo=sapien&pellentesque=quis&viverra=libero&pede=nullam&ac=sit&diam=amet&cras=turpis&pellentesque=elementum&volutpat=ligula&dui=vehicula&maecenas=consequat&tristique=morbi&est=a&et=ipsum&tempus=integer&semper=a&est=nibh&quam=in&pharetra=quis&magna=justo&ac=maecenas&consequat=rhoncus&metus=aliquam&sapien=lacus&ut=morbi&nunc=quis&vestibulum=tortor&ante=id&ipsum=nulla&primis=ultrices&in=aliquet&faucibus=maecenas&orci=leo&luctus=odio&et=condimentum&ultrices=id&posuere=luctus&cubilia=nec&curae=molestie&mauris=sed&viverra=justo&diam=pellentesque&vitae=viverra&quam=pede&suspendisse=ac&potenti=diam&nullam=cras&porttitor=pellentesque&lacus=volutpat&at=dui&turpis=maecenas&donec=tristique&posuere=est&metus=et&vitae=tempus&ipsum=semper&aliquam=est&non=quam&mauris=pharetra&morbi=magna&non=ac&lectus=consequat&aliquam=metus&sit=sapien&amet=ut&diam=nunc&in=vestibulum', 1);
INSERT INTO `Link` (`MaterialId`, `URL`, `VideoTag`) VALUES(122, 'http://umn.edu/ac/tellus/semper/interdum.aspx?leo=condimentum&pellentesque=neque&ultrices=sapien&mattis=placerat&odio=ante&donec=nulla&vitae=justo&nisi=aliquam&nam=quis&ultrices=turpis&libero=eget&non=elit&mattis=sodales&pulvinar=scelerisque&nulla=mauris&pede=sit&ullamcorper=amet&augue=eros&a=suspendisse&suscipit=accumsan&nulla=tortor&elit=quis&ac=turpis&nulla=sed&sed=ante&vel=vivamus&enim=tortor&sit=duis&amet=mattis&nunc=egestas&viverra=metus&dapibus=aenean', 1);
INSERT INTO `Link` (`MaterialId`, `URL`, `VideoTag`) VALUES(126, 'http://cnbc.com/commodo/placerat.aspx?rhoncus=non&mauris=quam&enim=nec&leo=dui&rhoncus=luctus&sed=rutrum&vestibulum=nulla&sit=tellus&amet=in&cursus=sagittis&id=dui&turpis=vel&integer=nisl&aliquet=duis&massa=ac&id=nibh&lobortis=fusce&convallis=lacus&tortor=purus&risus=aliquet&dapibus=at&augue=feugiat&vel=non&accumsan=pretium&tellus=quis&nisi=lectus&eu=suspendisse&orci=potenti&mauris=in&lacinia=eleifend&sapien=quam&quis=a&libero=odio&nullam=in&sit=hac&amet=habitasse&turpis=platea&elementum=dictumst&ligula=maecenas&vehicula=ut&consequat=massa&morbi=quis&a=augue&ipsum=luctus&integer=tincidunt&a=nulla&nibh=mollis&in=molestie&quis=lorem&justo=quisque&maecenas=ut&rhoncus=erat&aliquam=curabitur&lacus=gravida&morbi=nisi&quis=at&tortor=nibh&id=in&nulla=hac&ultrices=habitasse&aliquet=platea&maecenas=dictumst', 1);
INSERT INTO `Link` (`MaterialId`, `URL`, `VideoTag`) VALUES(128, 'https://surveymonkey.com/arcu/adipiscing/molestie/hendrerit/at/vulputate.jpg?vestibulum=ac&proin=consequat&eu=metus&mi=sapien&nulla=ut&ac=nunc&enim=vestibulum&in=ante&tempor=ipsum&turpis=primis&nec=in&euismod=faucibus&scelerisque=orci&quam=luctus&turpis=et&adipiscing=ultrices&lorem=posuere&vitae=cubilia&mattis=curae&nibh=mauris&ligula=viverra&nec=diam&sem=vitae&duis=quam&aliquam=suspendisse&convallis=potenti&nunc=nullam&proin=porttitor&at=lacus&turpis=at&a=turpis&pede=donec&posuere=posuere&nonummy=metus&integer=vitae&non=ipsum&velit=aliquam&donec=non&diam=mauris&neque=morbi&vestibulum=non&eget=lectus&vulputate=aliquam&ut=sit&ultrices=amet&vel=diam&augue=in&vestibulum=magna&ante=bibendum&ipsum=imperdiet&primis=nullam&in=orci&faucibus=pede&orci=venenatis&luctus=non&et=sodales&ultrices=sed&posuere=tincidunt&cubilia=eu&curae=felis&donec=fusce&pharetra=posuere&magna=felis&vestibulum=sed&aliquet=lacus&ultrices=morbi&erat=sem&tortor=mauris&sollicitudin=laoreet&mi=ut&sit=rhoncus&amet=aliquet&lobortis=pulvinar&sapien=sed&sapien=nisl&non=nunc&mi=rhoncus&integer=dui&ac=vel&neque=sem&duis=sed&bibendum=sagittis&morbi=nam&non=congue&quam=risus&nec=semper&dui=porta&luctus=volutpat&rutrum=quam&nulla=pede', 1);
INSERT INTO `Link` (`MaterialId`, `URL`, `VideoTag`) VALUES(132, 'https://weebly.com/ligula.jpg?quisque=viverra&ut=eget&erat=congue&curabitur=eget&gravida=semper&nisi=rutrum&at=nulla&nibh=nunc&in=purus&hac=phasellus&habitasse=in&platea=felis&dictumst=donec&aliquam=semper&augue=sapien&quam=a', 1);
INSERT INTO `Link` (`MaterialId`, `URL`, `VideoTag`) VALUES(138, 'http://microsoft.com/fermentum/justo/nec/condimentum/neque/sapien/placerat.jpg?vel=nullam&pede=varius&morbi=nulla&porttitor=facilisi&lorem=cras&id=non&ligula=velit&suspendisse=nec&ornare=nisi&consequat=vulputate&lectus=nonummy&in=maecenas&est=tincidunt&risus=lacus&auctor=at&sed=velit&tristique=vivamus&in=vel&tempus=nulla&sit=eget&amet=eros&sem=elementum&fusce=pellentesque&consequat=quisque&nulla=porta&nisl=volutpat&nunc=erat&nisl=quisque&duis=erat&bibendum=eros&felis=viverra&sed=eget&interdum=congue&venenatis=eget&turpis=semper&enim=rutrum&blandit=nulla&mi=nunc&in=purus&porttitor=phasellus&pede=in&justo=felis&eu=donec&massa=semper&donec=sapien&dapibus=a&duis=libero&at=nam&velit=dui&eu=proin&est=leo&congue=odio&elementum=porttitor&in=id&hac=consequat&habitasse=in&platea=consequat', 0);
INSERT INTO `Link` (`MaterialId`, `URL`, `VideoTag`) VALUES(141, 'http://devhub.com/praesent/blandit/lacinia/erat/vestibulum/sed.xml?nulla=porttitor&nisl=lorem&nunc=id&nisl=ligula&duis=suspendisse&bibendum=ornare&felis=consequat&sed=lectus&interdum=in&venenatis=est&turpis=risus&enim=auctor&blandit=sed&mi=tristique&in=in&porttitor=tempus&pede=sit&justo=amet&eu=sem&massa=fusce&donec=consequat&dapibus=nulla&duis=nisl', 1);
INSERT INTO `Link` (`MaterialId`, `URL`, `VideoTag`) VALUES(146, 'https://spotify.com/sit/amet/diam/in/magna/bibendum.html?sollicitudin=justo&ut=in&suscipit=blandit&a=ultrices&feugiat=enim&et=lorem&eros=ipsum&vestibulum=dolor&ac=sit&est=amet&lacinia=consectetuer&nisi=adipiscing&venenatis=elit&tristique=proin&fusce=interdum&congue=mauris&diam=non&id=ligula&ornare=pellentesque&imperdiet=ultrices&sapien=phasellus&urna=id&pretium=sapien&nisl=in&ut=sapien&volutpat=iaculis&sapien=congue&arcu=vivamus&sed=metus&augue=arcu&aliquam=adipiscing&erat=molestie&volutpat=hendrerit&in=at&congue=vulputate&etiam=vitae&justo=nisl&etiam=aenean&pretium=lectus&iaculis=pellentesque&justo=eget&in=nunc&hac=donec&habitasse=quis&platea=orci&dictumst=eget&etiam=orci&faucibus=vehicula&cursus=condimentum&urna=curabitur&ut=in&tellus=libero&nulla=ut&ut=massa&erat=volutpat&id=convallis&mauris=morbi&vulputate=odio&elementum=odio&nullam=elementum&varius=eu&nulla=interdum&facilisi=eu&cras=tincidunt&non=in&velit=leo&nec=maecenas&nisi=pulvinar&vulputate=lobortis&nonummy=est&maecenas=phasellus&tincidunt=sit&lacus=amet&at=erat&velit=nulla&vivamus=tempus&vel=vivamus&nulla=in&eget=felis&eros=eu&elementum=sapien&pellentesque=cursus&quisque=vestibulum&porta=proin&volutpat=eu&erat=mi&quisque=nulla&erat=ac&eros=enim&viverra=in&eget=tempor&congue=turpis&eget=nec&semper=euismod&rutrum=scelerisque&nulla=quam&nunc=turpis&purus=adipiscing&phasellus=lorem&in=vitae', 1);
INSERT INTO `Link` (`MaterialId`, `URL`, `VideoTag`) VALUES(147, 'http://biglobe.ne.jp/fringilla/rhoncus/mauris/enim/leo.png?quis=pede&odio=venenatis&consequat=non&varius=sodales&integer=sed&ac=tincidunt&leo=eu&pellentesque=felis&ultrices=fusce&mattis=posuere&odio=felis&donec=sed&vitae=lacus&nisi=morbi&nam=sem&ultrices=mauris&libero=laoreet&non=ut&mattis=rhoncus&pulvinar=aliquet&nulla=pulvinar&pede=sed&ullamcorper=nisl&augue=nunc&a=rhoncus&suscipit=dui&nulla=vel&elit=sem&ac=sed&nulla=sagittis&sed=nam&vel=congue&enim=risus', 0);
INSERT INTO `Link` (`MaterialId`, `URL`, `VideoTag`) VALUES(150, 'http://behance.net/nisl.png?at=imperdiet&nibh=nullam&in=orci&hac=pede&habitasse=venenatis&platea=non&dictumst=sodales&aliquam=sed&augue=tincidunt&quam=eu&sollicitudin=felis&vitae=fusce&consectetuer=posuere&eget=felis&rutrum=sed&at=lacus&lorem=morbi&integer=sem&tincidunt=mauris&ante=laoreet&vel=ut&ipsum=rhoncus&praesent=aliquet&blandit=pulvinar&lacinia=sed&erat=nisl&vestibulum=nunc&sed=rhoncus&magna=dui&at=vel&nunc=sem&commodo=sed&placerat=sagittis&praesent=nam&blandit=congue&nam=risus&nulla=semper&integer=porta&pede=volutpat&justo=quam&lacinia=pede&eget=lobortis&tincidunt=ligula&eget=sit&tempus=amet&vel=eleifend&pede=pede&morbi=libero&porttitor=quis&lorem=orci&id=nullam&ligula=molestie&suspendisse=nibh&ornare=in&consequat=lectus&lectus=pellentesque&in=at&est=nulla&risus=suspendisse&auctor=potenti&sed=cras&tristique=in&in=purus&tempus=eu&sit=magna&amet=vulputate&sem=luctus&fusce=cum&consequat=sociis&nulla=natoque&nisl=penatibus&nunc=et&nisl=magnis&duis=dis&bibendum=parturient&felis=montes&sed=nascetur&interdum=ridiculus&venenatis=mus&turpis=vivamus&enim=vestibulum&blandit=sagittis&mi=sapien&in=cum&porttitor=sociis&pede=natoque&justo=penatibus&eu=et&massa=magnis&donec=dis&dapibus=parturient&duis=montes&at=nascetur', 0);
INSERT INTO `Link` (`MaterialId`, `URL`, `VideoTag`) VALUES(157, 'http://wikia.com/sapien/a/libero.js?praesent=pulvinar&id=sed&massa=nisl&id=nunc&nisl=rhoncus&venenatis=dui&lacinia=vel&aenean=sem&sit=sed&amet=sagittis&justo=nam&morbi=congue&ut=risus&odio=semper&cras=porta&mi=volutpat&pede=quam&malesuada=pede&in=lobortis&imperdiet=ligula&et=sit&commodo=amet&vulputate=eleifend&justo=pede&in=libero&blandit=quis&ultrices=orci&enim=nullam&lorem=molestie&ipsum=nibh&dolor=in&sit=lectus&amet=pellentesque&consectetuer=at&adipiscing=nulla&elit=suspendisse&proin=potenti&interdum=cras&mauris=in&non=purus&ligula=eu&pellentesque=magna&ultrices=vulputate&phasellus=luctus&id=cum&sapien=sociis&in=natoque&sapien=penatibus&iaculis=et', 0);
INSERT INTO `Link` (`MaterialId`, `URL`, `VideoTag`) VALUES(158, 'http://archive.org/ante/vel.jsp?pulvinar=morbi&sed=ut&nisl=odio&nunc=cras&rhoncus=mi&dui=pede&vel=malesuada&sem=in&sed=imperdiet&sagittis=et&nam=commodo&congue=vulputate&risus=justo&semper=in&porta=blandit&volutpat=ultrices&quam=enim&pede=lorem&lobortis=ipsum&ligula=dolor&sit=sit&amet=amet&eleifend=consectetuer&pede=adipiscing&libero=elit&quis=proin&orci=interdum&nullam=mauris&molestie=non&nibh=ligula&in=pellentesque&lectus=ultrices', 1);
INSERT INTO `Link` (`MaterialId`, `URL`, `VideoTag`) VALUES(163, 'https://tmall.com/in/faucibus/orci/luctus/et/ultrices.xml?amet=cubilia&eros=curae&suspendisse=nulla&accumsan=dapibus&tortor=dolor&quis=vel&turpis=est&sed=donec&ante=odio&vivamus=justo&tortor=sollicitudin&duis=ut&mattis=suscipit&egestas=a&metus=feugiat&aenean=et&fermentum=eros&donec=vestibulum&ut=ac&mauris=est&eget=lacinia&massa=nisi&tempor=venenatis&convallis=tristique&nulla=fusce&neque=congue&libero=diam&convallis=id&eget=ornare&eleifend=imperdiet&luctus=sapien&ultricies=urna&eu=pretium&nibh=nisl&quisque=ut&id=volutpat&justo=sapien&sit=arcu&amet=sed&sapien=augue&dignissim=aliquam&vestibulum=erat&vestibulum=volutpat&ante=in&ipsum=congue&primis=etiam&in=justo&faucibus=etiam&orci=pretium&luctus=iaculis&et=justo&ultrices=in&posuere=hac&cubilia=habitasse&curae=platea&nulla=dictumst&dapibus=etiam&dolor=faucibus&vel=cursus&est=urna&donec=ut&odio=tellus&justo=nulla&sollicitudin=ut&ut=erat&suscipit=id&a=mauris&feugiat=vulputate&et=elementum&eros=nullam&vestibulum=varius&ac=nulla&est=facilisi&lacinia=cras&nisi=non', 0);
INSERT INTO `Link` (`MaterialId`, `URL`, `VideoTag`) VALUES(166, 'https://scientificamerican.com/in/sapien/iaculis/congue/vivamus/metus.html?rutrum=nibh&nulla=ligula&tellus=nec&in=sem&sagittis=duis&dui=aliquam&vel=convallis&nisl=nunc&duis=proin&ac=at&nibh=turpis&fusce=a&lacus=pede&purus=posuere&aliquet=nonummy&at=integer&feugiat=non&non=velit&pretium=donec&quis=diam&lectus=neque&suspendisse=vestibulum&potenti=eget&in=vulputate&eleifend=ut&quam=ultrices&a=vel&odio=augue&in=vestibulum&hac=ante&habitasse=ipsum&platea=primis&dictumst=in&maecenas=faucibus&ut=orci&massa=luctus&quis=et&augue=ultrices&luctus=posuere&tincidunt=cubilia&nulla=curae&mollis=donec&molestie=pharetra&lorem=magna&quisque=vestibulum&ut=aliquet&erat=ultrices&curabitur=erat&gravida=tortor&nisi=sollicitudin&at=mi&nibh=sit&in=amet&hac=lobortis&habitasse=sapien&platea=sapien&dictumst=non', 1);
INSERT INTO `Link` (`MaterialId`, `URL`, `VideoTag`) VALUES(167, 'https://etsy.com/justo.aspx?sagittis=in&nam=tempus&congue=sit&risus=amet&semper=sem&porta=fusce&volutpat=consequat&quam=nulla&pede=nisl&lobortis=nunc&ligula=nisl&sit=duis&amet=bibendum&eleifend=felis&pede=sed&libero=interdum&quis=venenatis&orci=turpis&nullam=enim&molestie=blandit&nibh=mi&in=in&lectus=porttitor&pellentesque=pede&at=justo&nulla=eu&suspendisse=massa&potenti=donec&cras=dapibus&in=duis&purus=at&eu=velit&magna=eu&vulputate=est&luctus=congue&cum=elementum&sociis=in&natoque=hac&penatibus=habitasse&et=platea&magnis=dictumst&dis=morbi&parturient=vestibulum&montes=velit&nascetur=id&ridiculus=pretium&mus=iaculis&vivamus=diam&vestibulum=erat&sagittis=fermentum&sapien=justo&cum=nec&sociis=condimentum&natoque=neque&penatibus=sapien&et=placerat&magnis=ante&dis=nulla&parturient=justo&montes=aliquam&nascetur=quis&ridiculus=turpis&mus=eget&etiam=elit&vel=sodales&augue=scelerisque&vestibulum=mauris', 0);
INSERT INTO `Link` (`MaterialId`, `URL`, `VideoTag`) VALUES(170, 'https://time.com/hac/habitasse/platea/dictumst/morbi/vestibulum.js?primis=feugiat&in=non&faucibus=pretium&orci=quis&luctus=lectus&et=suspendisse&ultrices=potenti&posuere=in&cubilia=eleifend&curae=quam&donec=a&pharetra=odio&magna=in&vestibulum=hac&aliquet=habitasse&ultrices=platea&erat=dictumst&tortor=maecenas&sollicitudin=ut&mi=massa&sit=quis&amet=augue&lobortis=luctus&sapien=tincidunt&sapien=nulla&non=mollis&mi=molestie&integer=lorem&ac=quisque&neque=ut&duis=erat&bibendum=curabitur', 0);
INSERT INTO `Link` (`MaterialId`, `URL`, `VideoTag`) VALUES(173, 'https://google.co.uk/magna.jpg?diam=id&erat=lobortis&fermentum=convallis&justo=tortor&nec=risus&condimentum=dapibus&neque=augue&sapien=vel&placerat=accumsan&ante=tellus&nulla=nisi&justo=eu&aliquam=orci&quis=mauris&turpis=lacinia&eget=sapien&elit=quis&sodales=libero&scelerisque=nullam&mauris=sit&sit=amet&amet=turpis&eros=elementum&suspendisse=ligula&accumsan=vehicula&tortor=consequat&quis=morbi&turpis=a&sed=ipsum&ante=integer&vivamus=a&tortor=nibh&duis=in&mattis=quis&egestas=justo&metus=maecenas&aenean=rhoncus&fermentum=aliquam&donec=lacus&ut=morbi&mauris=quis&eget=tortor&massa=id&tempor=nulla&convallis=ultrices&nulla=aliquet&neque=maecenas&libero=leo&convallis=odio&eget=condimentum&eleifend=id&luctus=luctus&ultricies=nec&eu=molestie&nibh=sed&quisque=justo&id=pellentesque&justo=viverra&sit=pede&amet=ac&sapien=diam&dignissim=cras&vestibulum=pellentesque&vestibulum=volutpat&ante=dui&ipsum=maecenas&primis=tristique&in=est&faucibus=et&orci=tempus&luctus=semper&et=est&ultrices=quam&posuere=pharetra&cubilia=magna&curae=ac&nulla=consequat&dapibus=metus&dolor=sapien&vel=ut&est=nunc&donec=vestibulum&odio=ante&justo=ipsum&sollicitudin=primis&ut=in&suscipit=faucibus&a=orci&feugiat=luctus&et=et&eros=ultrices', 0);
INSERT INTO `Link` (`MaterialId`, `URL`, `VideoTag`) VALUES(174, 'https://yale.edu/ut/massa.png?sapien=augue&non=vestibulum&mi=rutrum&integer=rutrum&ac=neque&neque=aenean&duis=auctor&bibendum=gravida&morbi=sem&non=praesent&quam=id&nec=massa&dui=id&luctus=nisl&rutrum=venenatis&nulla=lacinia&tellus=aenean&in=sit&sagittis=amet&dui=justo&vel=morbi&nisl=ut&duis=odio&ac=cras&nibh=mi&fusce=pede&lacus=malesuada&purus=in&aliquet=imperdiet&at=et&feugiat=commodo&non=vulputate&pretium=justo&quis=in&lectus=blandit&suspendisse=ultrices&potenti=enim&in=lorem&eleifend=ipsum&quam=dolor&a=sit&odio=amet&in=consectetuer&hac=adipiscing&habitasse=elit&platea=proin&dictumst=interdum&maecenas=mauris&ut=non&massa=ligula&quis=pellentesque&augue=ultrices&luctus=phasellus&tincidunt=id&nulla=sapien&mollis=in&molestie=sapien&lorem=iaculis&quisque=congue&ut=vivamus&erat=metus&curabitur=arcu', 0);
INSERT INTO `Link` (`MaterialId`, `URL`, `VideoTag`) VALUES(175, 'https://wired.com/erat.aspx?vehicula=gravida&condimentum=nisi&curabitur=at&in=nibh&libero=in&ut=hac&massa=habitasse&volutpat=platea&convallis=dictumst&morbi=aliquam&odio=augue&odio=quam&elementum=sollicitudin&eu=vitae&interdum=consectetuer&eu=eget&tincidunt=rutrum&in=at&leo=lorem&maecenas=integer&pulvinar=tincidunt&lobortis=ante&est=vel&phasellus=ipsum&sit=praesent&amet=blandit&erat=lacinia&nulla=erat&tempus=vestibulum&vivamus=sed&in=magna&felis=at&eu=nunc&sapien=commodo&cursus=placerat&vestibulum=praesent&proin=blandit&eu=nam&mi=nulla&nulla=integer&ac=pede&enim=justo&in=lacinia&tempor=eget&turpis=tincidunt&nec=eget&euismod=tempus&scelerisque=vel&quam=pede&turpis=morbi&adipiscing=porttitor&lorem=lorem&vitae=id&mattis=ligula&nibh=suspendisse&ligula=ornare&nec=consequat&sem=lectus&duis=in&aliquam=est&convallis=risus&nunc=auctor&proin=sed&at=tristique&turpis=in&a=tempus&pede=sit&posuere=amet&nonummy=sem&integer=fusce&non=consequat&velit=nulla&donec=nisl&diam=nunc&neque=nisl&vestibulum=duis&eget=bibendum&vulputate=felis&ut=sed&ultrices=interdum&vel=venenatis&augue=turpis&vestibulum=enim&ante=blandit&ipsum=mi&primis=in', 0);
INSERT INTO `Link` (`MaterialId`, `URL`, `VideoTag`) VALUES(178, 'https://gnu.org/arcu.aspx?luctus=duis&nec=mattis&molestie=egestas&sed=metus&justo=aenean&pellentesque=fermentum&viverra=donec&pede=ut&ac=mauris&diam=eget&cras=massa&pellentesque=tempor&volutpat=convallis&dui=nulla&maecenas=neque&tristique=libero&est=convallis&et=eget&tempus=eleifend&semper=luctus&est=ultricies&quam=eu&pharetra=nibh&magna=quisque&ac=id&consequat=justo&metus=sit&sapien=amet&ut=sapien&nunc=dignissim&vestibulum=vestibulum', 0);
INSERT INTO `Link` (`MaterialId`, `URL`, `VideoTag`) VALUES(179, 'http://forbes.com/ante/vestibulum.html?vestibulum=libero&ante=quis&ipsum=orci&primis=nullam&in=molestie&faucibus=nibh&orci=in&luctus=lectus&et=pellentesque&ultrices=at&posuere=nulla&cubilia=suspendisse&curae=potenti&duis=cras&faucibus=in&accumsan=purus&odio=eu&curabitur=magna&convallis=vulputate&duis=luctus&consequat=cum&dui=sociis&nec=natoque&nisi=penatibus&volutpat=et&eleifend=magnis&donec=dis&ut=parturient&dolor=montes&morbi=nascetur&vel=ridiculus&lectus=mus&in=vivamus&quam=vestibulum&fringilla=sagittis&rhoncus=sapien&mauris=cum&enim=sociis&leo=natoque&rhoncus=penatibus&sed=et&vestibulum=magnis&sit=dis&amet=parturient&cursus=montes&id=nascetur&turpis=ridiculus&integer=mus', 0);
INSERT INTO `Link` (`MaterialId`, `URL`, `VideoTag`) VALUES(181, 'http://edublogs.org/elementum/nullam/varius.html?porttitor=aliquet&pede=at&justo=feugiat&eu=non&massa=pretium&donec=quis&dapibus=lectus&duis=suspendisse&at=potenti&velit=in&eu=eleifend&est=quam&congue=a&elementum=odio&in=in&hac=hac&habitasse=habitasse&platea=platea&dictumst=dictumst&morbi=maecenas&vestibulum=ut&velit=massa&id=quis&pretium=augue&iaculis=luctus&diam=tincidunt&erat=nulla&fermentum=mollis&justo=molestie&nec=lorem&condimentum=quisque&neque=ut&sapien=erat&placerat=curabitur&ante=gravida&nulla=nisi&justo=at&aliquam=nibh&quis=in&turpis=hac&eget=habitasse', 1);
INSERT INTO `Link` (`MaterialId`, `URL`, `VideoTag`) VALUES(183, 'http://businessinsider.com/sem/sed/sagittis/nam/congue/risus.aspx?pretium=vehicula&nisl=consequat&ut=morbi&volutpat=a&sapien=ipsum&arcu=integer&sed=a&augue=nibh&aliquam=in&erat=quis&volutpat=justo&in=maecenas&congue=rhoncus&etiam=aliquam&justo=lacus&etiam=morbi&pretium=quis&iaculis=tortor&justo=id&in=nulla&hac=ultrices&habitasse=aliquet&platea=maecenas&dictumst=leo&etiam=odio&faucibus=condimentum&cursus=id&urna=luctus&ut=nec&tellus=molestie&nulla=sed&ut=justo&erat=pellentesque&id=viverra&mauris=pede&vulputate=ac&elementum=diam&nullam=cras&varius=pellentesque&nulla=volutpat&facilisi=dui&cras=maecenas&non=tristique&velit=est&nec=et&nisi=tempus&vulputate=semper&nonummy=est&maecenas=quam&tincidunt=pharetra&lacus=magna&at=ac&velit=consequat&vivamus=metus&vel=sapien&nulla=ut&eget=nunc&eros=vestibulum&elementum=ante&pellentesque=ipsum&quisque=primis&porta=in&volutpat=faucibus&erat=orci&quisque=luctus&erat=et&eros=ultrices&viverra=posuere&eget=cubilia&congue=curae&eget=mauris&semper=viverra&rutrum=diam&nulla=vitae&nunc=quam&purus=suspendisse&phasellus=potenti&in=nullam&felis=porttitor&donec=lacus&semper=at&sapien=turpis&a=donec&libero=posuere&nam=metus&dui=vitae&proin=ipsum&leo=aliquam&odio=non&porttitor=mauris&id=morbi&consequat=non&in=lectus&consequat=aliquam&ut=sit&nulla=amet&sed=diam&accumsan=in&felis=magna&ut=bibendum', 1);
INSERT INTO `Link` (`MaterialId`, `URL`, `VideoTag`) VALUES(184, 'https://diigo.com/pellentesque/ultrices.html?dolor=arcu&sit=sed&amet=augue&consectetuer=aliquam&adipiscing=erat&elit=volutpat&proin=in&risus=congue&praesent=etiam&lectus=justo&vestibulum=etiam&quam=pretium&sapien=iaculis&varius=justo&ut=in&blandit=hac&non=habitasse&interdum=platea&in=dictumst&ante=etiam&vestibulum=faucibus&ante=cursus&ipsum=urna&primis=ut&in=tellus&faucibus=nulla&orci=ut&luctus=erat&et=id&ultrices=mauris&posuere=vulputate&cubilia=elementum&curae=nullam&duis=varius&faucibus=nulla&accumsan=facilisi&odio=cras&curabitur=non&convallis=velit&duis=nec&consequat=nisi&dui=vulputate&nec=nonummy&nisi=maecenas&volutpat=tincidunt&eleifend=lacus&donec=at&ut=velit&dolor=vivamus&morbi=vel&vel=nulla&lectus=eget&in=eros&quam=elementum&fringilla=pellentesque&rhoncus=quisque&mauris=porta&enim=volutpat&leo=erat&rhoncus=quisque&sed=erat&vestibulum=eros&sit=viverra&amet=eget&cursus=congue&id=eget&turpis=semper&integer=rutrum&aliquet=nulla&massa=nunc&id=purus&lobortis=phasellus&convallis=in&tortor=felis&risus=donec&dapibus=semper&augue=sapien&vel=a&accumsan=libero&tellus=nam&nisi=dui&eu=proin&orci=leo&mauris=odio&lacinia=porttitor', 0);
INSERT INTO `Link` (`MaterialId`, `URL`, `VideoTag`) VALUES(186, 'https://sciencedirect.com/morbi/a/ipsum/integer/a/nibh.aspx?felis=habitasse&eu=platea&sapien=dictumst&cursus=aliquam&vestibulum=augue&proin=quam&eu=sollicitudin&mi=vitae&nulla=consectetuer&ac=eget&enim=rutrum&in=at&tempor=lorem&turpis=integer&nec=tincidunt&euismod=ante&scelerisque=vel&quam=ipsum&turpis=praesent&adipiscing=blandit&lorem=lacinia&vitae=erat&mattis=vestibulum&nibh=sed&ligula=magna&nec=at&sem=nunc&duis=commodo&aliquam=placerat&convallis=praesent&nunc=blandit&proin=nam&at=nulla&turpis=integer&a=pede&pede=justo&posuere=lacinia&nonummy=eget&integer=tincidunt&non=eget&velit=tempus&donec=vel&diam=pede&neque=morbi&vestibulum=porttitor&eget=lorem&vulputate=id&ut=ligula&ultrices=suspendisse&vel=ornare&augue=consequat&vestibulum=lectus&ante=in&ipsum=est&primis=risus&in=auctor&faucibus=sed&orci=tristique&luctus=in&et=tempus&ultrices=sit&posuere=amet&cubilia=sem&curae=fusce&donec=consequat&pharetra=nulla&magna=nisl&vestibulum=nunc&aliquet=nisl&ultrices=duis&erat=bibendum&tortor=felis&sollicitudin=sed&mi=interdum&sit=venenatis&amet=turpis&lobortis=enim&sapien=blandit&sapien=mi&non=in&mi=porttitor&integer=pede&ac=justo&neque=eu&duis=massa&bibendum=donec&morbi=dapibus&non=duis&quam=at&nec=velit&dui=eu&luctus=est&rutrum=congue', 1);
INSERT INTO `Link` (`MaterialId`, `URL`, `VideoTag`) VALUES(187, 'https://dailymail.co.uk/primis/in/faucibus/orci.js?non=posuere&lectus=cubilia&aliquam=curae&sit=nulla&amet=dapibus&diam=dolor&in=vel&magna=est&bibendum=donec&imperdiet=odio&nullam=justo&orci=sollicitudin&pede=ut&venenatis=suscipit&non=a&sodales=feugiat&sed=et&tincidunt=eros&eu=vestibulum&felis=ac&fusce=est&posuere=lacinia&felis=nisi&sed=venenatis&lacus=tristique&morbi=fusce&sem=congue&mauris=diam&laoreet=id&ut=ornare&rhoncus=imperdiet&aliquet=sapien&pulvinar=urna&sed=pretium&nisl=nisl&nunc=ut&rhoncus=volutpat&dui=sapien&vel=arcu&sem=sed&sed=augue&sagittis=aliquam&nam=erat&congue=volutpat&risus=in&semper=congue', 0);
INSERT INTO `Link` (`MaterialId`, `URL`, `VideoTag`) VALUES(188, 'http://dell.com/molestie/lorem.json?orci=odio&mauris=donec&lacinia=vitae&sapien=nisi&quis=nam&libero=ultrices&nullam=libero&sit=non&amet=mattis&turpis=pulvinar&elementum=nulla&ligula=pede&vehicula=ullamcorper&consequat=augue&morbi=a&a=suscipit&ipsum=nulla&integer=elit&a=ac&nibh=nulla&in=sed&quis=vel&justo=enim&maecenas=sit&rhoncus=amet&aliquam=nunc&lacus=viverra&morbi=dapibus&quis=nulla', 0);
INSERT INTO `Link` (`MaterialId`, `URL`, `VideoTag`) VALUES(191, 'https://cdc.gov/lorem/ipsum/dolor.json?quis=ipsum&odio=primis&consequat=in&varius=faucibus&integer=orci&ac=luctus&leo=et&pellentesque=ultrices&ultrices=posuere&mattis=cubilia&odio=curae&donec=mauris', 1);
INSERT INTO `Link` (`MaterialId`, `URL`, `VideoTag`) VALUES(197, 'https://whitehouse.gov/morbi/ut/odio/cras/mi/pede/malesuada.png?quam=congue&a=risus&odio=semper&in=porta&hac=volutpat&habitasse=quam&platea=pede&dictumst=lobortis&maecenas=ligula&ut=sit&massa=amet&quis=eleifend&augue=pede&luctus=libero&tincidunt=quis&nulla=orci&mollis=nullam&molestie=molestie&lorem=nibh&quisque=in&ut=lectus&erat=pellentesque&curabitur=at&gravida=nulla&nisi=suspendisse&at=potenti&nibh=cras&in=in&hac=purus&habitasse=eu&platea=magna&dictumst=vulputate&aliquam=luctus&augue=cum&quam=sociis&sollicitudin=natoque&vitae=penatibus&consectetuer=et&eget=magnis&rutrum=dis&at=parturient&lorem=montes&integer=nascetur&tincidunt=ridiculus&ante=mus&vel=vivamus&ipsum=vestibulum&praesent=sagittis&blandit=sapien&lacinia=cum&erat=sociis&vestibulum=natoque&sed=penatibus&magna=et&at=magnis&nunc=dis&commodo=parturient&placerat=montes&praesent=nascetur&blandit=ridiculus&nam=mus&nulla=etiam&integer=vel&pede=augue&justo=vestibulum&lacinia=rutrum&eget=rutrum&tincidunt=neque&eget=aenean&tempus=auctor&vel=gravida&pede=sem&morbi=praesent&porttitor=id&lorem=massa&id=id&ligula=nisl&suspendisse=venenatis&ornare=lacinia&consequat=aenean&lectus=sit&in=amet&est=justo&risus=morbi', 0);
INSERT INTO `Link` (`MaterialId`, `URL`, `VideoTag`) VALUES(206, 'https://odnoklassniki.ru/accumsan/odio/curabitur/convallis/duis/consequat/dui.html?pretium=interdum&quis=venenatis&lectus=turpis&suspendisse=enim&potenti=blandit&in=mi&eleifend=in&quam=porttitor&a=pede&odio=justo&in=eu&hac=massa&habitasse=donec&platea=dapibus&dictumst=duis&maecenas=at&ut=velit&massa=eu&quis=est&augue=congue&luctus=elementum&tincidunt=in&nulla=hac&mollis=habitasse&molestie=platea&lorem=dictumst&quisque=morbi&ut=vestibulum&erat=velit&curabitur=id&gravida=pretium&nisi=iaculis&at=diam&nibh=erat&in=fermentum&hac=justo&habitasse=nec&platea=condimentum&dictumst=neque&aliquam=sapien&augue=placerat&quam=ante&sollicitudin=nulla&vitae=justo&consectetuer=aliquam&eget=quis&rutrum=turpis&at=eget&lorem=elit&integer=sodales&tincidunt=scelerisque&ante=mauris&vel=sit&ipsum=amet&praesent=eros&blandit=suspendisse&lacinia=accumsan&erat=tortor&vestibulum=quis&sed=turpis&magna=sed&at=ante&nunc=vivamus&commodo=tortor&placerat=duis&praesent=mattis&blandit=egestas&nam=metus&nulla=aenean&integer=fermentum&pede=donec&justo=ut&lacinia=mauris&eget=eget&tincidunt=massa&eget=tempor&tempus=convallis&vel=nulla&pede=neque&morbi=libero', 1);
INSERT INTO `Link` (`MaterialId`, `URL`, `VideoTag`) VALUES(211, 'https://engadget.com/ut/dolor/morbi/vel/lectus/in.aspx?proin=augue&leo=aliquam&odio=erat&porttitor=volutpat&id=in&consequat=congue&in=etiam&consequat=justo&ut=etiam&nulla=pretium&sed=iaculis&accumsan=justo&felis=in&ut=hac&at=habitasse&dolor=platea&quis=dictumst&odio=etiam&consequat=faucibus&varius=cursus&integer=urna&ac=ut&leo=tellus&pellentesque=nulla&ultrices=ut&mattis=erat&odio=id&donec=mauris&vitae=vulputate&nisi=elementum&nam=nullam&ultrices=varius&libero=nulla&non=facilisi&mattis=cras&pulvinar=non&nulla=velit&pede=nec&ullamcorper=nisi&augue=vulputate&a=nonummy&suscipit=maecenas&nulla=tincidunt&elit=lacus&ac=at&nulla=velit&sed=vivamus&vel=vel&enim=nulla&sit=eget&amet=eros&nunc=elementum&viverra=pellentesque&dapibus=quisque&nulla=porta&suscipit=volutpat&ligula=erat&in=quisque&lacus=erat&curabitur=eros&at=viverra&ipsum=eget&ac=congue&tellus=eget&semper=semper&interdum=rutrum&mauris=nulla&ullamcorper=nunc&purus=purus&sit=phasellus&amet=in&nulla=felis&quisque=donec&arcu=semper&libero=sapien&rutrum=a&ac=libero&lobortis=nam&vel=dui&dapibus=proin&at=leo&diam=odio&nam=porttitor&tristique=id&tortor=consequat&eu=in', 0);
INSERT INTO `Link` (`MaterialId`, `URL`, `VideoTag`) VALUES(215, 'http://nasa.gov/bibendum/imperdiet/nullam/orci.aspx?blandit=consequat&mi=morbi&in=a&porttitor=ipsum&pede=integer&justo=a&eu=nibh&massa=in&donec=quis&dapibus=justo&duis=maecenas&at=rhoncus&velit=aliquam&eu=lacus&est=morbi&congue=quis&elementum=tortor&in=id&hac=nulla&habitasse=ultrices&platea=aliquet&dictumst=maecenas&morbi=leo&vestibulum=odio&velit=condimentum&id=id&pretium=luctus&iaculis=nec&diam=molestie&erat=sed&fermentum=justo&justo=pellentesque&nec=viverra&condimentum=pede&neque=ac&sapien=diam&placerat=cras&ante=pellentesque&nulla=volutpat&justo=dui&aliquam=maecenas&quis=tristique&turpis=est&eget=et&elit=tempus&sodales=semper&scelerisque=est&mauris=quam&sit=pharetra&amet=magna&eros=ac&suspendisse=consequat&accumsan=metus&tortor=sapien&quis=ut&turpis=nunc&sed=vestibulum&ante=ante&vivamus=ipsum&tortor=primis&duis=in&mattis=faucibus&egestas=orci&metus=luctus&aenean=et&fermentum=ultrices&donec=posuere&ut=cubilia&mauris=curae&eget=mauris&massa=viverra&tempor=diam&convallis=vitae&nulla=quam&neque=suspendisse&libero=potenti&convallis=nullam&eget=porttitor&eleifend=lacus&luctus=at&ultricies=turpis&eu=donec&nibh=posuere&quisque=metus&id=vitae&justo=ipsum', 1);
INSERT INTO `Link` (`MaterialId`, `URL`, `VideoTag`) VALUES(216, 'https://xrea.com/a/nibh/in/quis/justo/maecenas.jpg?malesuada=elit&in=proin&imperdiet=risus&et=praesent&commodo=lectus&vulputate=vestibulum&justo=quam&in=sapien&blandit=varius&ultrices=ut&enim=blandit&lorem=non&ipsum=interdum&dolor=in&sit=ante&amet=vestibulum&consectetuer=ante&adipiscing=ipsum&elit=primis&proin=in&interdum=faucibus&mauris=orci&non=luctus&ligula=et', 1);
INSERT INTO `Link` (`MaterialId`, `URL`, `VideoTag`) VALUES(218, 'https://soundcloud.com/est/lacinia.xml?dignissim=id&vestibulum=sapien&vestibulum=in&ante=sapien&ipsum=iaculis&primis=congue&in=vivamus&faucibus=metus&orci=arcu&luctus=adipiscing&et=molestie&ultrices=hendrerit&posuere=at&cubilia=vulputate&curae=vitae&nulla=nisl&dapibus=aenean&dolor=lectus&vel=pellentesque&est=eget&donec=nunc&odio=donec&justo=quis&sollicitudin=orci&ut=eget&suscipit=orci&a=vehicula&feugiat=condimentum&et=curabitur&eros=in&vestibulum=libero&ac=ut&est=massa&lacinia=volutpat&nisi=convallis&venenatis=morbi&tristique=odio&fusce=odio&congue=elementum&diam=eu&id=interdum&ornare=eu&imperdiet=tincidunt&sapien=in&urna=leo&pretium=maecenas&nisl=pulvinar&ut=lobortis&volutpat=est&sapien=phasellus&arcu=sit&sed=amet&augue=erat&aliquam=nulla&erat=tempus&volutpat=vivamus&in=in&congue=felis&etiam=eu&justo=sapien&etiam=cursus&pretium=vestibulum&iaculis=proin&justo=eu&in=mi&hac=nulla&habitasse=ac&platea=enim&dictumst=in&etiam=tempor&faucibus=turpis&cursus=nec&urna=euismod&ut=scelerisque&tellus=quam&nulla=turpis&ut=adipiscing&erat=lorem&id=vitae&mauris=mattis&vulputate=nibh&elementum=ligula&nullam=nec&varius=sem&nulla=duis&facilisi=aliquam&cras=convallis&non=nunc&velit=proin&nec=at&nisi=turpis&vulputate=a&nonummy=pede&maecenas=posuere&tincidunt=nonummy&lacus=integer', 1);
INSERT INTO `Link` (`MaterialId`, `URL`, `VideoTag`) VALUES(219, 'https://squidoo.com/lacus/curabitur/at.xml?pede=ut&justo=mauris&lacinia=eget&eget=massa&tincidunt=tempor&eget=convallis&tempus=nulla&vel=neque&pede=libero&morbi=convallis&porttitor=eget&lorem=eleifend&id=luctus&ligula=ultricies&suspendisse=eu&ornare=nibh&consequat=quisque&lectus=id&in=justo&est=sit&risus=amet&auctor=sapien&sed=dignissim&tristique=vestibulum&in=vestibulum&tempus=ante&sit=ipsum&amet=primis&sem=in&fusce=faucibus&consequat=orci&nulla=luctus&nisl=et&nunc=ultrices&nisl=posuere&duis=cubilia&bibendum=curae&felis=nulla&sed=dapibus&interdum=dolor&venenatis=vel&turpis=est&enim=donec&blandit=odio&mi=justo&in=sollicitudin&porttitor=ut&pede=suscipit&justo=a&eu=feugiat&massa=et&donec=eros&dapibus=vestibulum&duis=ac&at=est&velit=lacinia&eu=nisi&est=venenatis&congue=tristique&elementum=fusce&in=congue&hac=diam&habitasse=id&platea=ornare&dictumst=imperdiet&morbi=sapien&vestibulum=urna&velit=pretium&id=nisl&pretium=ut&iaculis=volutpat&diam=sapien&erat=arcu&fermentum=sed&justo=augue&nec=aliquam&condimentum=erat&neque=volutpat&sapien=in&placerat=congue&ante=etiam&nulla=justo&justo=etiam&aliquam=pretium&quis=iaculis&turpis=justo&eget=in&elit=hac&sodales=habitasse&scelerisque=platea&mauris=dictumst&sit=etiam&amet=faucibus&eros=cursus&suspendisse=urna', 1);
INSERT INTO `Link` (`MaterialId`, `URL`, `VideoTag`) VALUES(220, 'http://census.gov/sed/augue/aliquam.aspx?felis=vulputate&fusce=vitae&posuere=nisl&felis=aenean&sed=lectus&lacus=pellentesque&morbi=eget&sem=nunc&mauris=donec&laoreet=quis&ut=orci&rhoncus=eget&aliquet=orci&pulvinar=vehicula&sed=condimentum&nisl=curabitur&nunc=in&rhoncus=libero&dui=ut&vel=massa&sem=volutpat&sed=convallis&sagittis=morbi&nam=odio&congue=odio&risus=elementum&semper=eu&porta=interdum&volutpat=eu&quam=tincidunt&pede=in&lobortis=leo&ligula=maecenas&sit=pulvinar&amet=lobortis&eleifend=est&pede=phasellus&libero=sit&quis=amet&orci=erat&nullam=nulla&molestie=tempus&nibh=vivamus&in=in&lectus=felis&pellentesque=eu&at=sapien&nulla=cursus&suspendisse=vestibulum&potenti=proin', 1);
INSERT INTO `Link` (`MaterialId`, `URL`, `VideoTag`) VALUES(221, 'https://unesco.org/neque.json?est=enim&risus=leo&auctor=rhoncus&sed=sed&tristique=vestibulum&in=sit&tempus=amet&sit=cursus&amet=id&sem=turpis&fusce=integer&consequat=aliquet&nulla=massa&nisl=id&nunc=lobortis&nisl=convallis&duis=tortor&bibendum=risus&felis=dapibus&sed=augue&interdum=vel&venenatis=accumsan&turpis=tellus&enim=nisi&blandit=eu&mi=orci&in=mauris&porttitor=lacinia&pede=sapien&justo=quis&eu=libero&massa=nullam&donec=sit&dapibus=amet&duis=turpis&at=elementum&velit=ligula&eu=vehicula&est=consequat&congue=morbi&elementum=a&in=ipsum&hac=integer&habitasse=a&platea=nibh&dictumst=in&morbi=quis&vestibulum=justo&velit=maecenas&id=rhoncus&pretium=aliquam&iaculis=lacus&diam=morbi&erat=quis&fermentum=tortor&justo=id&nec=nulla&condimentum=ultrices&neque=aliquet&sapien=maecenas&placerat=leo&ante=odio&nulla=condimentum&justo=id', 1);
INSERT INTO `Link` (`MaterialId`, `URL`, `VideoTag`) VALUES(222, 'https://zdnet.com/pellentesque/viverra/pede.html?neque=nam&libero=nulla&convallis=integer&eget=pede&eleifend=justo&luctus=lacinia&ultricies=eget&eu=tincidunt&nibh=eget&quisque=tempus&id=vel&justo=pede&sit=morbi&amet=porttitor&sapien=lorem&dignissim=id&vestibulum=ligula&vestibulum=suspendisse&ante=ornare&ipsum=consequat&primis=lectus&in=in&faucibus=est&orci=risus&luctus=auctor&et=sed&ultrices=tristique', 1);
INSERT INTO `Link` (`MaterialId`, `URL`, `VideoTag`) VALUES(223, 'https://dion.ne.jp/lorem/quisque/ut/erat/curabitur/gravida.jsp?metus=lacus&vitae=morbi&ipsum=quis&aliquam=tortor&non=id&mauris=nulla&morbi=ultrices&non=aliquet&lectus=maecenas&aliquam=leo&sit=odio&amet=condimentum&diam=id&in=luctus&magna=nec&bibendum=molestie&imperdiet=sed&nullam=justo&orci=pellentesque&pede=viverra&venenatis=pede&non=ac&sodales=diam&sed=cras&tincidunt=pellentesque&eu=volutpat&felis=dui&fusce=maecenas&posuere=tristique&felis=est&sed=et', 0);
INSERT INTO `Link` (`MaterialId`, `URL`, `VideoTag`) VALUES(226, 'https://cbsnews.com/lacus.jpg?nulla=blandit&suspendisse=mi&potenti=in&cras=porttitor&in=pede&purus=justo&eu=eu&magna=massa&vulputate=donec&luctus=dapibus&cum=duis&sociis=at&natoque=velit&penatibus=eu&et=est&magnis=congue&dis=elementum&parturient=in&montes=hac&nascetur=habitasse&ridiculus=platea&mus=dictumst&vivamus=morbi&vestibulum=vestibulum&sagittis=velit&sapien=id&cum=pretium&sociis=iaculis&natoque=diam&penatibus=erat&et=fermentum&magnis=justo&dis=nec&parturient=condimentum&montes=neque&nascetur=sapien&ridiculus=placerat&mus=ante&etiam=nulla&vel=justo&augue=aliquam&vestibulum=quis&rutrum=turpis&rutrum=eget&neque=elit&aenean=sodales&auctor=scelerisque&gravida=mauris&sem=sit&praesent=amet&id=eros&massa=suspendisse&id=accumsan&nisl=tortor&venenatis=quis&lacinia=turpis&aenean=sed&sit=ante&amet=vivamus&justo=tortor&morbi=duis&ut=mattis&odio=egestas&cras=metus&mi=aenean&pede=fermentum&malesuada=donec&in=ut', 1);
INSERT INTO `Link` (`MaterialId`, `URL`, `VideoTag`) VALUES(228, 'http://hao123.com/id.xml?nulla=nulla&ac=suspendisse&enim=potenti&in=cras&tempor=in&turpis=purus&nec=eu&euismod=magna&scelerisque=vulputate&quam=luctus&turpis=cum&adipiscing=sociis&lorem=natoque&vitae=penatibus&mattis=et&nibh=magnis&ligula=dis&nec=parturient&sem=montes&duis=nascetur&aliquam=ridiculus&convallis=mus&nunc=vivamus&proin=vestibulum&at=sagittis&turpis=sapien&a=cum&pede=sociis&posuere=natoque&nonummy=penatibus&integer=et&non=magnis&velit=dis&donec=parturient&diam=montes&neque=nascetur&vestibulum=ridiculus&eget=mus&vulputate=etiam&ut=vel&ultrices=augue&vel=vestibulum&augue=rutrum&vestibulum=rutrum&ante=neque&ipsum=aenean&primis=auctor&in=gravida&faucibus=sem&orci=praesent&luctus=id&et=massa&ultrices=id&posuere=nisl&cubilia=venenatis&curae=lacinia&donec=aenean&pharetra=sit&magna=amet&vestibulum=justo&aliquet=morbi&ultrices=ut&erat=odio&tortor=cras&sollicitudin=mi&mi=pede', 0);
INSERT INTO `Link` (`MaterialId`, `URL`, `VideoTag`) VALUES(230, 'http://utexas.edu/risus.jsp?nulla=vel&suspendisse=nisl&potenti=duis&cras=ac&in=nibh&purus=fusce&eu=lacus&magna=purus&vulputate=aliquet&luctus=at&cum=feugiat&sociis=non&natoque=pretium&penatibus=quis&et=lectus&magnis=suspendisse&dis=potenti&parturient=in&montes=eleifend&nascetur=quam&ridiculus=a&mus=odio&vivamus=in&vestibulum=hac&sagittis=habitasse&sapien=platea&cum=dictumst&sociis=maecenas&natoque=ut&penatibus=massa&et=quis&magnis=augue&dis=luctus&parturient=tincidunt&montes=nulla&nascetur=mollis&ridiculus=molestie&mus=lorem&etiam=quisque&vel=ut&augue=erat&vestibulum=curabitur&rutrum=gravida&rutrum=nisi&neque=at&aenean=nibh&auctor=in&gravida=hac', 1);
INSERT INTO `Link` (`MaterialId`, `URL`, `VideoTag`) VALUES(233, 'https://xinhuanet.com/ligula/suspendisse/ornare/consequat/lectus.xml?tempus=feugiat&semper=non&est=pretium&quam=quis&pharetra=lectus&magna=suspendisse&ac=potenti&consequat=in&metus=eleifend&sapien=quam&ut=a&nunc=odio&vestibulum=in&ante=hac&ipsum=habitasse&primis=platea&in=dictumst&faucibus=maecenas&orci=ut&luctus=massa&et=quis&ultrices=augue&posuere=luctus&cubilia=tincidunt&curae=nulla&mauris=mollis&viverra=molestie&diam=lorem&vitae=quisque&quam=ut&suspendisse=erat&potenti=curabitur&nullam=gravida&porttitor=nisi&lacus=at&at=nibh&turpis=in&donec=hac&posuere=habitasse&metus=platea&vitae=dictumst&ipsum=aliquam&aliquam=augue&non=quam&mauris=sollicitudin&morbi=vitae&non=consectetuer&lectus=eget&aliquam=rutrum&sit=at&amet=lorem&diam=integer&in=tincidunt&magna=ante&bibendum=vel&imperdiet=ipsum&nullam=praesent&orci=blandit&pede=lacinia&venenatis=erat&non=vestibulum&sodales=sed&sed=magna&tincidunt=at&eu=nunc&felis=commodo&fusce=placerat&posuere=praesent&felis=blandit&sed=nam', 1);
INSERT INTO `Link` (`MaterialId`, `URL`, `VideoTag`) VALUES(240, 'http://sogou.com/in.jpg?lectus=at&pellentesque=dolor&at=quis&nulla=odio&suspendisse=consequat&potenti=varius&cras=integer&in=ac&purus=leo&eu=pellentesque&magna=ultrices&vulputate=mattis&luctus=odio&cum=donec&sociis=vitae&natoque=nisi&penatibus=nam&et=ultrices&magnis=libero&dis=non&parturient=mattis&montes=pulvinar', 0);
INSERT INTO `Link` (`MaterialId`, `URL`, `VideoTag`) VALUES(243, 'http://upenn.edu/id/massa/id/nisl/venenatis/lacinia/aenean.jsp?tincidunt=turpis&eu=donec&felis=posuere&fusce=metus&posuere=vitae&felis=ipsum&sed=aliquam&lacus=non&morbi=mauris&sem=morbi&mauris=non&laoreet=lectus&ut=aliquam&rhoncus=sit&aliquet=amet&pulvinar=diam&sed=in&nisl=magna&nunc=bibendum&rhoncus=imperdiet&dui=nullam&vel=orci&sem=pede', 1);
INSERT INTO `Link` (`MaterialId`, `URL`, `VideoTag`) VALUES(248, 'http://yellowbook.com/ipsum/integer/a/nibh/in/quis/justo.aspx?non=orci&quam=vehicula&nec=condimentum&dui=curabitur&luctus=in&rutrum=libero&nulla=ut&tellus=massa&in=volutpat&sagittis=convallis&dui=morbi&vel=odio&nisl=odio&duis=elementum&ac=eu&nibh=interdum&fusce=eu&lacus=tincidunt&purus=in&aliquet=leo&at=maecenas&feugiat=pulvinar&non=lobortis&pretium=est&quis=phasellus&lectus=sit&suspendisse=amet&potenti=erat&in=nulla&eleifend=tempus&quam=vivamus&a=in&odio=felis&in=eu&hac=sapien&habitasse=cursus&platea=vestibulum&dictumst=proin&maecenas=eu&ut=mi&massa=nulla&quis=ac&augue=enim&luctus=in&tincidunt=tempor&nulla=turpis&mollis=nec&molestie=euismod&lorem=scelerisque&quisque=quam&ut=turpis&erat=adipiscing&curabitur=lorem&gravida=vitae&nisi=mattis&at=nibh&nibh=ligula&in=nec&hac=sem&habitasse=duis&platea=aliquam&dictumst=convallis&aliquam=nunc&augue=proin', 1);
INSERT INTO `Link` (`MaterialId`, `URL`, `VideoTag`) VALUES(249, 'http://myspace.com/ipsum/dolor/sit/amet/consectetuer.aspx?vivamus=sit&tortor=amet&duis=erat&mattis=nulla&egestas=tempus&metus=vivamus&aenean=in&fermentum=felis&donec=eu&ut=sapien&mauris=cursus&eget=vestibulum&massa=proin&tempor=eu&convallis=mi&nulla=nulla&neque=ac&libero=enim&convallis=in&eget=tempor&eleifend=turpis&luctus=nec&ultricies=euismod&eu=scelerisque&nibh=quam&quisque=turpis&id=adipiscing&justo=lorem&sit=vitae&amet=mattis&sapien=nibh&dignissim=ligula&vestibulum=nec&vestibulum=sem&ante=duis&ipsum=aliquam&primis=convallis&in=nunc&faucibus=proin&orci=at&luctus=turpis&et=a&ultrices=pede&posuere=posuere&cubilia=nonummy&curae=integer&nulla=non&dapibus=velit&dolor=donec&vel=diam&est=neque&donec=vestibulum', 0);
INSERT INTO `Link` (`MaterialId`, `URL`, `VideoTag`) VALUES(256, 'http://cornell.edu/in/blandit.aspx?vestibulum=cubilia&rutrum=curae&rutrum=nulla&neque=dapibus&aenean=dolor&auctor=vel&gravida=est&sem=donec&praesent=odio&id=justo&massa=sollicitudin&id=ut&nisl=suscipit&venenatis=a&lacinia=feugiat&aenean=et&sit=eros&amet=vestibulum&justo=ac&morbi=est&ut=lacinia&odio=nisi&cras=venenatis&mi=tristique&pede=fusce&malesuada=congue&in=diam&imperdiet=id&et=ornare&commodo=imperdiet&vulputate=sapien&justo=urna&in=pretium&blandit=nisl&ultrices=ut&enim=volutpat&lorem=sapien&ipsum=arcu&dolor=sed&sit=augue&amet=aliquam&consectetuer=erat&adipiscing=volutpat&elit=in&proin=congue&interdum=etiam&mauris=justo&non=etiam&ligula=pretium&pellentesque=iaculis&ultrices=justo&phasellus=in&id=hac&sapien=habitasse&in=platea&sapien=dictumst&iaculis=etiam&congue=faucibus&vivamus=cursus&metus=urna&arcu=ut&adipiscing=tellus&molestie=nulla&hendrerit=ut&at=erat&vulputate=id&vitae=mauris&nisl=vulputate&aenean=elementum&lectus=nullam&pellentesque=varius&eget=nulla&nunc=facilisi', 1);
INSERT INTO `Link` (`MaterialId`, `URL`, `VideoTag`) VALUES(257, 'http://webnode.com/ac/nibh/fusce.jsp?primis=potenti&in=nullam&faucibus=porttitor&orci=lacus&luctus=at&et=turpis&ultrices=donec&posuere=posuere&cubilia=metus&curae=vitae&nulla=ipsum&dapibus=aliquam', 0);
INSERT INTO `Link` (`MaterialId`, `URL`, `VideoTag`) VALUES(259, 'https://hatena.ne.jp/dolor/sit/amet/consectetuer/adipiscing/elit/proin.xml?mi=justo&integer=sit&ac=amet&neque=sapien&duis=dignissim&bibendum=vestibulum&morbi=vestibulum&non=ante&quam=ipsum&nec=primis&dui=in&luctus=faucibus&rutrum=orci&nulla=luctus&tellus=et&in=ultrices&sagittis=posuere&dui=cubilia&vel=curae&nisl=nulla&duis=dapibus&ac=dolor&nibh=vel&fusce=est&lacus=donec&purus=odio&aliquet=justo&at=sollicitudin&feugiat=ut&non=suscipit&pretium=a&quis=feugiat&lectus=et&suspendisse=eros&potenti=vestibulum&in=ac&eleifend=est&quam=lacinia&a=nisi&odio=venenatis&in=tristique&hac=fusce&habitasse=congue&platea=diam&dictumst=id&maecenas=ornare&ut=imperdiet&massa=sapien&quis=urna&augue=pretium&luctus=nisl&tincidunt=ut&nulla=volutpat&mollis=sapien&molestie=arcu&lorem=sed&quisque=augue&ut=aliquam&erat=erat&curabitur=volutpat&gravida=in&nisi=congue&at=etiam&nibh=justo&in=etiam&hac=pretium&habitasse=iaculis&platea=justo&dictumst=in&aliquam=hac&augue=habitasse&quam=platea&sollicitudin=dictumst&vitae=etiam&consectetuer=faucibus&eget=cursus&rutrum=urna&at=ut&lorem=tellus&integer=nulla&tincidunt=ut&ante=erat&vel=id&ipsum=mauris&praesent=vulputate&blandit=elementum&lacinia=nullam&erat=varius&vestibulum=nulla&sed=facilisi&magna=cras&at=non&nunc=velit', 0);
INSERT INTO `Link` (`MaterialId`, `URL`, `VideoTag`) VALUES(262, 'http://thetimes.co.uk/pulvinar/sed.jpg?in=luctus&quam=et&fringilla=ultrices&rhoncus=posuere', 0);

--
-- Dumping data for table `Post`
--

INSERT INTO `Post` (`MaterialId`, `Text`) VALUES(3, 'Cras non velit nec nisi vulputate nonummy. Maecenas tincidunt lacus at velit. Vivamus vel nulla eget eros elementum pellentesque.\r\rQuisque porta volutpat erat. Quisque erat eros, viverra eget, congue eget, semper rutrum, nulla. Nunc purus.');
INSERT INTO `Post` (`MaterialId`, `Text`) VALUES(6, 'Maecenas tristique, est et tempus semper, est quam pharetra magna, ac consequat metus sapien ut nunc. Vestibulum ante ipsum primis in faucibus orci luctus et ultrices posuere cubilia Curae; Mauris viverra diam vitae quam. Suspendisse potenti.');
INSERT INTO `Post` (`MaterialId`, `Text`) VALUES(11, 'In hac habitasse platea dictumst. Morbi vestibulum, velit id pretium iaculis, diam erat fermentum justo, nec condimentum neque sapien placerat ante. Nulla justo.\r\rAliquam quis turpis eget elit sodales scelerisque. Mauris sit amet eros. Suspendisse accumsan tortor quis turpis.\r\rSed ante. Vivamus tortor. Duis mattis egestas metus.');
INSERT INTO `Post` (`MaterialId`, `Text`) VALUES(12, 'Quisque id justo sit amet sapien dignissim vestibulum. Vestibulum ante ipsum primis in faucibus orci luctus et ultrices posuere cubilia Curae; Nulla dapibus dolor vel est. Donec odio justo, sollicitudin ut, suscipit a, feugiat et, eros.');
INSERT INTO `Post` (`MaterialId`, `Text`) VALUES(15, 'Duis consequat dui nec nisi volutpat eleifend. Donec ut dolor. Morbi vel lectus in quam fringilla rhoncus.');
INSERT INTO `Post` (`MaterialId`, `Text`) VALUES(17, 'Proin eu mi. Nulla ac enim. In tempor, turpis nec euismod scelerisque, quam turpis adipiscing lorem, vitae mattis nibh ligula nec sem.\r\rDuis aliquam convallis nunc. Proin at turpis a pede posuere nonummy. Integer non velit.');
INSERT INTO `Post` (`MaterialId`, `Text`) VALUES(18, 'In sagittis dui vel nisl. Duis ac nibh. Fusce lacus purus, aliquet at, feugiat non, pretium quis, lectus.\r\rSuspendisse potenti. In eleifend quam a odio. In hac habitasse platea dictumst.\r\rMaecenas ut massa quis augue luctus tincidunt. Nulla mollis molestie lorem. Quisque ut erat.');
INSERT INTO `Post` (`MaterialId`, `Text`) VALUES(20, 'Duis consequat dui nec nisi volutpat eleifend. Donec ut dolor. Morbi vel lectus in quam fringilla rhoncus.\r\rMauris enim leo, rhoncus sed, vestibulum sit amet, cursus id, turpis. Integer aliquet, massa id lobortis convallis, tortor risus dapibus augue, vel accumsan tellus nisi eu orci. Mauris lacinia sapien quis libero.\r\rNullam sit amet turpis elementum ligula vehicula consequat. Morbi a ipsum. Integer a nibh.');
INSERT INTO `Post` (`MaterialId`, `Text`) VALUES(22, 'Vestibulum ac est lacinia nisi venenatis tristique. Fusce congue, diam id ornare imperdiet, sapien urna pretium nisl, ut volutpat sapien arcu sed augue. Aliquam erat volutpat.');
INSERT INTO `Post` (`MaterialId`, `Text`) VALUES(24, 'Quisque porta volutpat erat. Quisque erat eros, viverra eget, congue eget, semper rutrum, nulla. Nunc purus.\r\rPhasellus in felis. Donec semper sapien a libero. Nam dui.');
INSERT INTO `Post` (`MaterialId`, `Text`) VALUES(31, 'In sagittis dui vel nisl. Duis ac nibh. Fusce lacus purus, aliquet at, feugiat non, pretium quis, lectus.\r\rSuspendisse potenti. In eleifend quam a odio. In hac habitasse platea dictumst.');
INSERT INTO `Post` (`MaterialId`, `Text`) VALUES(32, 'Aenean lectus. Pellentesque eget nunc. Donec quis orci eget orci vehicula condimentum.\r\rCurabitur in libero ut massa volutpat convallis. Morbi odio odio, elementum eu, interdum eu, tincidunt in, leo. Maecenas pulvinar lobortis est.');
INSERT INTO `Post` (`MaterialId`, `Text`) VALUES(33, 'Curabitur gravida nisi at nibh. In hac habitasse platea dictumst. Aliquam augue quam, sollicitudin vitae, consectetuer eget, rutrum at, lorem.\r\rInteger tincidunt ante vel ipsum. Praesent blandit lacinia erat. Vestibulum sed magna at nunc commodo placerat.\r\rPraesent blandit. Nam nulla. Integer pede justo, lacinia eget, tincidunt eget, tempus vel, pede.');
INSERT INTO `Post` (`MaterialId`, `Text`) VALUES(34, 'Proin interdum mauris non ligula pellentesque ultrices. Phasellus id sapien in sapien iaculis congue. Vivamus metus arcu, adipiscing molestie, hendrerit at, vulputate vitae, nisl.');
INSERT INTO `Post` (`MaterialId`, `Text`) VALUES(35, 'Vestibulum ac est lacinia nisi venenatis tristique. Fusce congue, diam id ornare imperdiet, sapien urna pretium nisl, ut volutpat sapien arcu sed augue. Aliquam erat volutpat.');
INSERT INTO `Post` (`MaterialId`, `Text`) VALUES(36, 'Morbi non lectus. Aliquam sit amet diam in magna bibendum imperdiet. Nullam orci pede, venenatis non, sodales sed, tincidunt eu, felis.');
INSERT INTO `Post` (`MaterialId`, `Text`) VALUES(49, 'Morbi porttitor lorem id ligula. Suspendisse ornare consequat lectus. In est risus, auctor sed, tristique in, tempus sit amet, sem.');
INSERT INTO `Post` (`MaterialId`, `Text`) VALUES(56, 'Morbi porttitor lorem id ligula. Suspendisse ornare consequat lectus. In est risus, auctor sed, tristique in, tempus sit amet, sem.\r\rFusce consequat. Nulla nisl. Nunc nisl.\r\rDuis bibendum, felis sed interdum venenatis, turpis enim blandit mi, in porttitor pede justo eu massa. Donec dapibus. Duis at velit eu est congue elementum.');
INSERT INTO `Post` (`MaterialId`, `Text`) VALUES(57, 'Fusce posuere felis sed lacus. Morbi sem mauris, laoreet ut, rhoncus aliquet, pulvinar sed, nisl. Nunc rhoncus dui vel sem.');
INSERT INTO `Post` (`MaterialId`, `Text`) VALUES(60, 'Duis consequat dui nec nisi volutpat eleifend. Donec ut dolor. Morbi vel lectus in quam fringilla rhoncus.\r\rMauris enim leo, rhoncus sed, vestibulum sit amet, cursus id, turpis. Integer aliquet, massa id lobortis convallis, tortor risus dapibus augue, vel accumsan tellus nisi eu orci. Mauris lacinia sapien quis libero.\r\rNullam sit amet turpis elementum ligula vehicula consequat. Morbi a ipsum. Integer a nibh.');
INSERT INTO `Post` (`MaterialId`, `Text`) VALUES(61, 'Proin eu mi. Nulla ac enim. In tempor, turpis nec euismod scelerisque, quam turpis adipiscing lorem, vitae mattis nibh ligula nec sem.');
INSERT INTO `Post` (`MaterialId`, `Text`) VALUES(62, 'In quis justo. Maecenas rhoncus aliquam lacus. Morbi quis tortor id nulla ultrices aliquet.');
INSERT INTO `Post` (`MaterialId`, `Text`) VALUES(70, 'In hac habitasse platea dictumst. Etiam faucibus cursus urna. Ut tellus.');
INSERT INTO `Post` (`MaterialId`, `Text`) VALUES(72, 'Proin eu mi. Nulla ac enim. In tempor, turpis nec euismod scelerisque, quam turpis adipiscing lorem, vitae mattis nibh ligula nec sem.\r\rDuis aliquam convallis nunc. Proin at turpis a pede posuere nonummy. Integer non velit.');
INSERT INTO `Post` (`MaterialId`, `Text`) VALUES(75, 'Etiam vel augue. Vestibulum rutrum rutrum neque. Aenean auctor gravida sem.');
INSERT INTO `Post` (`MaterialId`, `Text`) VALUES(78, 'Lorem ipsum dolor sit amet, consectetuer adipiscing elit. Proin risus. Praesent lectus.\r\rVestibulum quam sapien, varius ut, blandit non, interdum in, ante. Vestibulum ante ipsum primis in faucibus orci luctus et ultrices posuere cubilia Curae; Duis faucibus accumsan odio. Curabitur convallis.');
INSERT INTO `Post` (`MaterialId`, `Text`) VALUES(82, 'Vestibulum ac est lacinia nisi venenatis tristique. Fusce congue, diam id ornare imperdiet, sapien urna pretium nisl, ut volutpat sapien arcu sed augue. Aliquam erat volutpat.\r\rIn congue. Etiam justo. Etiam pretium iaculis justo.\r\rIn hac habitasse platea dictumst. Etiam faucibus cursus urna. Ut tellus.');
INSERT INTO `Post` (`MaterialId`, `Text`) VALUES(86, 'Curabitur at ipsum ac tellus semper interdum. Mauris ullamcorper purus sit amet nulla. Quisque arcu libero, rutrum ac, lobortis vel, dapibus at, diam.');
INSERT INTO `Post` (`MaterialId`, `Text`) VALUES(87, 'Cum sociis natoque penatibus et magnis dis parturient montes, nascetur ridiculus mus. Vivamus vestibulum sagittis sapien. Cum sociis natoque penatibus et magnis dis parturient montes, nascetur ridiculus mus.');
INSERT INTO `Post` (`MaterialId`, `Text`) VALUES(88, 'Proin interdum mauris non ligula pellentesque ultrices. Phasellus id sapien in sapien iaculis congue. Vivamus metus arcu, adipiscing molestie, hendrerit at, vulputate vitae, nisl.');
INSERT INTO `Post` (`MaterialId`, `Text`) VALUES(97, 'Quisque porta volutpat erat. Quisque erat eros, viverra eget, congue eget, semper rutrum, nulla. Nunc purus.\r\rPhasellus in felis. Donec semper sapien a libero. Nam dui.');
INSERT INTO `Post` (`MaterialId`, `Text`) VALUES(99, 'Donec diam neque, vestibulum eget, vulputate ut, ultrices vel, augue. Vestibulum ante ipsum primis in faucibus orci luctus et ultrices posuere cubilia Curae; Donec pharetra, magna vestibulum aliquet ultrices, erat tortor sollicitudin mi, sit amet lobortis sapien sapien non mi. Integer ac neque.\r\rDuis bibendum. Morbi non quam nec dui luctus rutrum. Nulla tellus.');
INSERT INTO `Post` (`MaterialId`, `Text`) VALUES(100, 'Integer tincidunt ante vel ipsum. Praesent blandit lacinia erat. Vestibulum sed magna at nunc commodo placerat.\r\rPraesent blandit. Nam nulla. Integer pede justo, lacinia eget, tincidunt eget, tempus vel, pede.');
INSERT INTO `Post` (`MaterialId`, `Text`) VALUES(103, 'Suspendisse potenti. In eleifend quam a odio. In hac habitasse platea dictumst.\r\rMaecenas ut massa quis augue luctus tincidunt. Nulla mollis molestie lorem. Quisque ut erat.\r\rCurabitur gravida nisi at nibh. In hac habitasse platea dictumst. Aliquam augue quam, sollicitudin vitae, consectetuer eget, rutrum at, lorem.');
INSERT INTO `Post` (`MaterialId`, `Text`) VALUES(106, 'Lorem ipsum dolor sit amet, consectetuer adipiscing elit. Proin risus. Praesent lectus.');
INSERT INTO `Post` (`MaterialId`, `Text`) VALUES(108, 'Nullam porttitor lacus at turpis. Donec posuere metus vitae ipsum. Aliquam non mauris.\r\rMorbi non lectus. Aliquam sit amet diam in magna bibendum imperdiet. Nullam orci pede, venenatis non, sodales sed, tincidunt eu, felis.');
INSERT INTO `Post` (`MaterialId`, `Text`) VALUES(109, 'Cum sociis natoque penatibus et magnis dis parturient montes, nascetur ridiculus mus. Vivamus vestibulum sagittis sapien. Cum sociis natoque penatibus et magnis dis parturient montes, nascetur ridiculus mus.\r\rEtiam vel augue. Vestibulum rutrum rutrum neque. Aenean auctor gravida sem.');
INSERT INTO `Post` (`MaterialId`, `Text`) VALUES(111, 'Duis consequat dui nec nisi volutpat eleifend. Donec ut dolor. Morbi vel lectus in quam fringilla rhoncus.\r\rMauris enim leo, rhoncus sed, vestibulum sit amet, cursus id, turpis. Integer aliquet, massa id lobortis convallis, tortor risus dapibus augue, vel accumsan tellus nisi eu orci. Mauris lacinia sapien quis libero.');
INSERT INTO `Post` (`MaterialId`, `Text`) VALUES(112, 'Praesent blandit. Nam nulla. Integer pede justo, lacinia eget, tincidunt eget, tempus vel, pede.\r\rMorbi porttitor lorem id ligula. Suspendisse ornare consequat lectus. In est risus, auctor sed, tristique in, tempus sit amet, sem.\r\rFusce consequat. Nulla nisl. Nunc nisl.');
INSERT INTO `Post` (`MaterialId`, `Text`) VALUES(113, 'Nulla ut erat id mauris vulputate elementum. Nullam varius. Nulla facilisi.');
INSERT INTO `Post` (`MaterialId`, `Text`) VALUES(114, 'Cum sociis natoque penatibus et magnis dis parturient montes, nascetur ridiculus mus. Vivamus vestibulum sagittis sapien. Cum sociis natoque penatibus et magnis dis parturient montes, nascetur ridiculus mus.\r\rEtiam vel augue. Vestibulum rutrum rutrum neque. Aenean auctor gravida sem.\r\rPraesent id massa id nisl venenatis lacinia. Aenean sit amet justo. Morbi ut odio.');
INSERT INTO `Post` (`MaterialId`, `Text`) VALUES(115, 'In hac habitasse platea dictumst. Etiam faucibus cursus urna. Ut tellus.\r\rNulla ut erat id mauris vulputate elementum. Nullam varius. Nulla facilisi.');
INSERT INTO `Post` (`MaterialId`, `Text`) VALUES(121, 'Maecenas ut massa quis augue luctus tincidunt. Nulla mollis molestie lorem. Quisque ut erat.\r\rCurabitur gravida nisi at nibh. In hac habitasse platea dictumst. Aliquam augue quam, sollicitudin vitae, consectetuer eget, rutrum at, lorem.');
INSERT INTO `Post` (`MaterialId`, `Text`) VALUES(123, 'In quis justo. Maecenas rhoncus aliquam lacus. Morbi quis tortor id nulla ultrices aliquet.\r\rMaecenas leo odio, condimentum id, luctus nec, molestie sed, justo. Pellentesque viverra pede ac diam. Cras pellentesque volutpat dui.');
INSERT INTO `Post` (`MaterialId`, `Text`) VALUES(124, 'Praesent blandit. Nam nulla. Integer pede justo, lacinia eget, tincidunt eget, tempus vel, pede.\r\rMorbi porttitor lorem id ligula. Suspendisse ornare consequat lectus. In est risus, auctor sed, tristique in, tempus sit amet, sem.\r\rFusce consequat. Nulla nisl. Nunc nisl.');
INSERT INTO `Post` (`MaterialId`, `Text`) VALUES(125, 'Proin interdum mauris non ligula pellentesque ultrices. Phasellus id sapien in sapien iaculis congue. Vivamus metus arcu, adipiscing molestie, hendrerit at, vulputate vitae, nisl.\r\rAenean lectus. Pellentesque eget nunc. Donec quis orci eget orci vehicula condimentum.');
INSERT INTO `Post` (`MaterialId`, `Text`) VALUES(131, 'Sed ante. Vivamus tortor. Duis mattis egestas metus.');
INSERT INTO `Post` (`MaterialId`, `Text`) VALUES(133, 'Sed ante. Vivamus tortor. Duis mattis egestas metus.\r\rAenean fermentum. Donec ut mauris eget massa tempor convallis. Nulla neque libero, convallis eget, eleifend luctus, ultricies eu, nibh.');
INSERT INTO `Post` (`MaterialId`, `Text`) VALUES(135, 'Etiam vel augue. Vestibulum rutrum rutrum neque. Aenean auctor gravida sem.');
INSERT INTO `Post` (`MaterialId`, `Text`) VALUES(143, 'Maecenas leo odio, condimentum id, luctus nec, molestie sed, justo. Pellentesque viverra pede ac diam. Cras pellentesque volutpat dui.\r\rMaecenas tristique, est et tempus semper, est quam pharetra magna, ac consequat metus sapien ut nunc. Vestibulum ante ipsum primis in faucibus orci luctus et ultrices posuere cubilia Curae; Mauris viverra diam vitae quam. Suspendisse potenti.\r\rNullam porttitor lacus at turpis. Donec posuere metus vitae ipsum. Aliquam non mauris.');
INSERT INTO `Post` (`MaterialId`, `Text`) VALUES(144, 'Morbi non lectus. Aliquam sit amet diam in magna bibendum imperdiet. Nullam orci pede, venenatis non, sodales sed, tincidunt eu, felis.\r\rFusce posuere felis sed lacus. Morbi sem mauris, laoreet ut, rhoncus aliquet, pulvinar sed, nisl. Nunc rhoncus dui vel sem.\r\rSed sagittis. Nam congue, risus semper porta volutpat, quam pede lobortis ligula, sit amet eleifend pede libero quis orci. Nullam molestie nibh in lectus.');
INSERT INTO `Post` (`MaterialId`, `Text`) VALUES(145, 'Integer ac leo. Pellentesque ultrices mattis odio. Donec vitae nisi.');
INSERT INTO `Post` (`MaterialId`, `Text`) VALUES(148, 'Phasellus in felis. Donec semper sapien a libero. Nam dui.\r\rProin leo odio, porttitor id, consequat in, consequat ut, nulla. Sed accumsan felis. Ut at dolor quis odio consequat varius.');
INSERT INTO `Post` (`MaterialId`, `Text`) VALUES(152, 'Phasellus in felis. Donec semper sapien a libero. Nam dui.');
INSERT INTO `Post` (`MaterialId`, `Text`) VALUES(153, 'Cras non velit nec nisi vulputate nonummy. Maecenas tincidunt lacus at velit. Vivamus vel nulla eget eros elementum pellentesque.');
INSERT INTO `Post` (`MaterialId`, `Text`) VALUES(154, 'Quisque id justo sit amet sapien dignissim vestibulum. Vestibulum ante ipsum primis in faucibus orci luctus et ultrices posuere cubilia Curae; Nulla dapibus dolor vel est. Donec odio justo, sollicitudin ut, suscipit a, feugiat et, eros.\r\rVestibulum ac est lacinia nisi venenatis tristique. Fusce congue, diam id ornare imperdiet, sapien urna pretium nisl, ut volutpat sapien arcu sed augue. Aliquam erat volutpat.\r\rIn congue. Etiam justo. Etiam pretium iaculis justo.');
INSERT INTO `Post` (`MaterialId`, `Text`) VALUES(155, 'Curabitur gravida nisi at nibh. In hac habitasse platea dictumst. Aliquam augue quam, sollicitudin vitae, consectetuer eget, rutrum at, lorem.\r\rInteger tincidunt ante vel ipsum. Praesent blandit lacinia erat. Vestibulum sed magna at nunc commodo placerat.\r\rPraesent blandit. Nam nulla. Integer pede justo, lacinia eget, tincidunt eget, tempus vel, pede.');
INSERT INTO `Post` (`MaterialId`, `Text`) VALUES(159, 'Sed sagittis. Nam congue, risus semper porta volutpat, quam pede lobortis ligula, sit amet eleifend pede libero quis orci. Nullam molestie nibh in lectus.');
INSERT INTO `Post` (`MaterialId`, `Text`) VALUES(161, 'Sed sagittis. Nam congue, risus semper porta volutpat, quam pede lobortis ligula, sit amet eleifend pede libero quis orci. Nullam molestie nibh in lectus.');
INSERT INTO `Post` (`MaterialId`, `Text`) VALUES(168, 'Maecenas ut massa quis augue luctus tincidunt. Nulla mollis molestie lorem. Quisque ut erat.\r\rCurabitur gravida nisi at nibh. In hac habitasse platea dictumst. Aliquam augue quam, sollicitudin vitae, consectetuer eget, rutrum at, lorem.\r\rInteger tincidunt ante vel ipsum. Praesent blandit lacinia erat. Vestibulum sed magna at nunc commodo placerat.');
INSERT INTO `Post` (`MaterialId`, `Text`) VALUES(169, 'Integer ac leo. Pellentesque ultrices mattis odio. Donec vitae nisi.\r\rNam ultrices, libero non mattis pulvinar, nulla pede ullamcorper augue, a suscipit nulla elit ac nulla. Sed vel enim sit amet nunc viverra dapibus. Nulla suscipit ligula in lacus.');
INSERT INTO `Post` (`MaterialId`, `Text`) VALUES(171, 'Etiam vel augue. Vestibulum rutrum rutrum neque. Aenean auctor gravida sem.');
INSERT INTO `Post` (`MaterialId`, `Text`) VALUES(172, 'Duis bibendum, felis sed interdum venenatis, turpis enim blandit mi, in porttitor pede justo eu massa. Donec dapibus. Duis at velit eu est congue elementum.');
INSERT INTO `Post` (`MaterialId`, `Text`) VALUES(180, 'Phasellus sit amet erat. Nulla tempus. Vivamus in felis eu sapien cursus vestibulum.\r\rProin eu mi. Nulla ac enim. In tempor, turpis nec euismod scelerisque, quam turpis adipiscing lorem, vitae mattis nibh ligula nec sem.\r\rDuis aliquam convallis nunc. Proin at turpis a pede posuere nonummy. Integer non velit.');
INSERT INTO `Post` (`MaterialId`, `Text`) VALUES(185, 'Mauris enim leo, rhoncus sed, vestibulum sit amet, cursus id, turpis. Integer aliquet, massa id lobortis convallis, tortor risus dapibus augue, vel accumsan tellus nisi eu orci. Mauris lacinia sapien quis libero.\r\rNullam sit amet turpis elementum ligula vehicula consequat. Morbi a ipsum. Integer a nibh.\r\rIn quis justo. Maecenas rhoncus aliquam lacus. Morbi quis tortor id nulla ultrices aliquet.');
INSERT INTO `Post` (`MaterialId`, `Text`) VALUES(193, 'Maecenas ut massa quis augue luctus tincidunt. Nulla mollis molestie lorem. Quisque ut erat.');
INSERT INTO `Post` (`MaterialId`, `Text`) VALUES(194, 'Maecenas ut massa quis augue luctus tincidunt. Nulla mollis molestie lorem. Quisque ut erat.\r\rCurabitur gravida nisi at nibh. In hac habitasse platea dictumst. Aliquam augue quam, sollicitudin vitae, consectetuer eget, rutrum at, lorem.\r\rInteger tincidunt ante vel ipsum. Praesent blandit lacinia erat. Vestibulum sed magna at nunc commodo placerat.');
INSERT INTO `Post` (`MaterialId`, `Text`) VALUES(195, 'In quis justo. Maecenas rhoncus aliquam lacus. Morbi quis tortor id nulla ultrices aliquet.');
INSERT INTO `Post` (`MaterialId`, `Text`) VALUES(196, 'Aenean lectus. Pellentesque eget nunc. Donec quis orci eget orci vehicula condimentum.\r\rCurabitur in libero ut massa volutpat convallis. Morbi odio odio, elementum eu, interdum eu, tincidunt in, leo. Maecenas pulvinar lobortis est.\r\rPhasellus sit amet erat. Nulla tempus. Vivamus in felis eu sapien cursus vestibulum.');
INSERT INTO `Post` (`MaterialId`, `Text`) VALUES(200, 'Aenean fermentum. Donec ut mauris eget massa tempor convallis. Nulla neque libero, convallis eget, eleifend luctus, ultricies eu, nibh.\r\rQuisque id justo sit amet sapien dignissim vestibulum. Vestibulum ante ipsum primis in faucibus orci luctus et ultrices posuere cubilia Curae; Nulla dapibus dolor vel est. Donec odio justo, sollicitudin ut, suscipit a, feugiat et, eros.');
INSERT INTO `Post` (`MaterialId`, `Text`) VALUES(203, 'Aenean fermentum. Donec ut mauris eget massa tempor convallis. Nulla neque libero, convallis eget, eleifend luctus, ultricies eu, nibh.\r\rQuisque id justo sit amet sapien dignissim vestibulum. Vestibulum ante ipsum primis in faucibus orci luctus et ultrices posuere cubilia Curae; Nulla dapibus dolor vel est. Donec odio justo, sollicitudin ut, suscipit a, feugiat et, eros.');
INSERT INTO `Post` (`MaterialId`, `Text`) VALUES(207, 'Cras mi pede, malesuada in, imperdiet et, commodo vulputate, justo. In blandit ultrices enim. Lorem ipsum dolor sit amet, consectetuer adipiscing elit.\r\rProin interdum mauris non ligula pellentesque ultrices. Phasellus id sapien in sapien iaculis congue. Vivamus metus arcu, adipiscing molestie, hendrerit at, vulputate vitae, nisl.');
INSERT INTO `Post` (`MaterialId`, `Text`) VALUES(208, 'Maecenas tristique, est et tempus semper, est quam pharetra magna, ac consequat metus sapien ut nunc. Vestibulum ante ipsum primis in faucibus orci luctus et ultrices posuere cubilia Curae; Mauris viverra diam vitae quam. Suspendisse potenti.\r\rNullam porttitor lacus at turpis. Donec posuere metus vitae ipsum. Aliquam non mauris.');
INSERT INTO `Post` (`MaterialId`, `Text`) VALUES(213, 'Vestibulum quam sapien, varius ut, blandit non, interdum in, ante. Vestibulum ante ipsum primis in faucibus orci luctus et ultrices posuere cubilia Curae; Duis faucibus accumsan odio. Curabitur convallis.');
INSERT INTO `Post` (`MaterialId`, `Text`) VALUES(217, 'In hac habitasse platea dictumst. Morbi vestibulum, velit id pretium iaculis, diam erat fermentum justo, nec condimentum neque sapien placerat ante. Nulla justo.\r\rAliquam quis turpis eget elit sodales scelerisque. Mauris sit amet eros. Suspendisse accumsan tortor quis turpis.\r\rSed ante. Vivamus tortor. Duis mattis egestas metus.');
INSERT INTO `Post` (`MaterialId`, `Text`) VALUES(227, 'Curabitur in libero ut massa volutpat convallis. Morbi odio odio, elementum eu, interdum eu, tincidunt in, leo. Maecenas pulvinar lobortis est.\r\rPhasellus sit amet erat. Nulla tempus. Vivamus in felis eu sapien cursus vestibulum.\r\rProin eu mi. Nulla ac enim. In tempor, turpis nec euismod scelerisque, quam turpis adipiscing lorem, vitae mattis nibh ligula nec sem.');
INSERT INTO `Post` (`MaterialId`, `Text`) VALUES(229, 'Praesent blandit. Nam nulla. Integer pede justo, lacinia eget, tincidunt eget, tempus vel, pede.\r\rMorbi porttitor lorem id ligula. Suspendisse ornare consequat lectus. In est risus, auctor sed, tristique in, tempus sit amet, sem.');
INSERT INTO `Post` (`MaterialId`, `Text`) VALUES(231, 'Fusce posuere felis sed lacus. Morbi sem mauris, laoreet ut, rhoncus aliquet, pulvinar sed, nisl. Nunc rhoncus dui vel sem.\r\rSed sagittis. Nam congue, risus semper porta volutpat, quam pede lobortis ligula, sit amet eleifend pede libero quis orci. Nullam molestie nibh in lectus.');
INSERT INTO `Post` (`MaterialId`, `Text`) VALUES(232, 'Praesent blandit. Nam nulla. Integer pede justo, lacinia eget, tincidunt eget, tempus vel, pede.\r\rMorbi porttitor lorem id ligula. Suspendisse ornare consequat lectus. In est risus, auctor sed, tristique in, tempus sit amet, sem.\r\rFusce consequat. Nulla nisl. Nunc nisl.');
INSERT INTO `Post` (`MaterialId`, `Text`) VALUES(234, 'Fusce posuere felis sed lacus. Morbi sem mauris, laoreet ut, rhoncus aliquet, pulvinar sed, nisl. Nunc rhoncus dui vel sem.\r\rSed sagittis. Nam congue, risus semper porta volutpat, quam pede lobortis ligula, sit amet eleifend pede libero quis orci. Nullam molestie nibh in lectus.\r\rPellentesque at nulla. Suspendisse potenti. Cras in purus eu magna vulputate luctus.');
INSERT INTO `Post` (`MaterialId`, `Text`) VALUES(237, 'Fusce posuere felis sed lacus. Morbi sem mauris, laoreet ut, rhoncus aliquet, pulvinar sed, nisl. Nunc rhoncus dui vel sem.\r\rSed sagittis. Nam congue, risus semper porta volutpat, quam pede lobortis ligula, sit amet eleifend pede libero quis orci. Nullam molestie nibh in lectus.\r\rPellentesque at nulla. Suspendisse potenti. Cras in purus eu magna vulputate luctus.');
INSERT INTO `Post` (`MaterialId`, `Text`) VALUES(238, 'Proin leo odio, porttitor id, consequat in, consequat ut, nulla. Sed accumsan felis. Ut at dolor quis odio consequat varius.\r\rInteger ac leo. Pellentesque ultrices mattis odio. Donec vitae nisi.\r\rNam ultrices, libero non mattis pulvinar, nulla pede ullamcorper augue, a suscipit nulla elit ac nulla. Sed vel enim sit amet nunc viverra dapibus. Nulla suscipit ligula in lacus.');
INSERT INTO `Post` (`MaterialId`, `Text`) VALUES(241, 'Morbi non lectus. Aliquam sit amet diam in magna bibendum imperdiet. Nullam orci pede, venenatis non, sodales sed, tincidunt eu, felis.\r\rFusce posuere felis sed lacus. Morbi sem mauris, laoreet ut, rhoncus aliquet, pulvinar sed, nisl. Nunc rhoncus dui vel sem.\r\rSed sagittis. Nam congue, risus semper porta volutpat, quam pede lobortis ligula, sit amet eleifend pede libero quis orci. Nullam molestie nibh in lectus.');
INSERT INTO `Post` (`MaterialId`, `Text`) VALUES(242, 'Cum sociis natoque penatibus et magnis dis parturient montes, nascetur ridiculus mus. Vivamus vestibulum sagittis sapien. Cum sociis natoque penatibus et magnis dis parturient montes, nascetur ridiculus mus.\r\rEtiam vel augue. Vestibulum rutrum rutrum neque. Aenean auctor gravida sem.');
INSERT INTO `Post` (`MaterialId`, `Text`) VALUES(244, 'Morbi non lectus. Aliquam sit amet diam in magna bibendum imperdiet. Nullam orci pede, venenatis non, sodales sed, tincidunt eu, felis.');
INSERT INTO `Post` (`MaterialId`, `Text`) VALUES(247, 'Curabitur gravida nisi at nibh. In hac habitasse platea dictumst. Aliquam augue quam, sollicitudin vitae, consectetuer eget, rutrum at, lorem.\r\rInteger tincidunt ante vel ipsum. Praesent blandit lacinia erat. Vestibulum sed magna at nunc commodo placerat.');
INSERT INTO `Post` (`MaterialId`, `Text`) VALUES(252, 'Praesent blandit. Nam nulla. Integer pede justo, lacinia eget, tincidunt eget, tempus vel, pede.\r\rMorbi porttitor lorem id ligula. Suspendisse ornare consequat lectus. In est risus, auctor sed, tristique in, tempus sit amet, sem.');
INSERT INTO `Post` (`MaterialId`, `Text`) VALUES(255, 'Phasellus sit amet erat. Nulla tempus. Vivamus in felis eu sapien cursus vestibulum.\r\rProin eu mi. Nulla ac enim. In tempor, turpis nec euismod scelerisque, quam turpis adipiscing lorem, vitae mattis nibh ligula nec sem.');
INSERT INTO `Post` (`MaterialId`, `Text`) VALUES(260, 'Fusce consequat. Nulla nisl. Nunc nisl.\r\rDuis bibendum, felis sed interdum venenatis, turpis enim blandit mi, in porttitor pede justo eu massa. Donec dapibus. Duis at velit eu est congue elementum.');
INSERT INTO `Post` (`MaterialId`, `Text`) VALUES(261, 'Mauris enim leo, rhoncus sed, vestibulum sit amet, cursus id, turpis. Integer aliquet, massa id lobortis convallis, tortor risus dapibus augue, vel accumsan tellus nisi eu orci. Mauris lacinia sapien quis libero.');
INSERT INTO `Post` (`MaterialId`, `Text`) VALUES(264, 'Etiam vel augue. Vestibulum rutrum rutrum neque. Aenean auctor gravida sem.\r\rPraesent id massa id nisl venenatis lacinia. Aenean sit amet justo. Morbi ut odio.');

--
-- Dumping data for table `Question`
--

INSERT INTO `Question` (`QuestionId`, `Title`, `Content`, `StuId`) VALUES(1, 'semper sapien a libero nam dui proin leo odio porttitor id', 'interdum in ante vestibulum ante ipsum primis in faucibus orci luctus et ultrices posuere cubilia curae duis faucibus accumsan odio curabitur convallis duis consequat dui nec nisi volutpat eleifend donec ut dolor morbi vel lectus in quam fringilla rhoncus mauris enim leo rhoncus sed vestibulum sit amet cursus id turpis integer aliquet massa id lobortis convallis tortor risus dapibus augue vel accumsan tellus nisi eu orci mauris', 256);
INSERT INTO `Question` (`QuestionId`, `Title`, `Content`, `StuId`) VALUES(2, 'vel sem sed sagittis nam congue risus semper porta volutpat quam', 'nulla mollis molestie lorem quisque ut erat curabitur gravida nisi at nibh in hac habitasse platea dictumst aliquam augue quam sollicitudin vitae consectetuer eget rutrum at lorem integer tincidunt ante vel ipsum praesent blandit lacinia erat vestibulum sed magna at nunc commodo placerat praesent blandit nam nulla integer pede justo lacinia eget tincidunt eget tempus vel pede morbi porttitor lorem id', 247);
INSERT INTO `Question` (`QuestionId`, `Title`, `Content`, `StuId`) VALUES(3, 'lacus curabitur at ipsum ac tellus semper interdum', 'donec vitae nisi nam ultrices libero non mattis pulvinar nulla pede ullamcorper augue a suscipit nulla elit ac nulla sed vel enim sit', 251);
INSERT INTO `Question` (`QuestionId`, `Title`, `Content`, `StuId`) VALUES(4, 'dolor vel est donec odio justo sollicitudin ut', 'parturient montes nascetur ridiculus mus vivamus vestibulum sagittis sapien cum sociis natoque penatibus et magnis dis parturient montes nascetur ridiculus mus etiam vel augue vestibulum rutrum rutrum neque aenean auctor gravida sem praesent id massa id nisl venenatis lacinia aenean sit amet justo morbi ut odio cras mi pede malesuada in imperdiet et commodo vulputate justo in blandit ultrices enim lorem ipsum dolor sit amet consectetuer adipiscing elit proin interdum mauris non ligula pellentesque ultrices phasellus id sapien in sapien iaculis congue vivamus metus arcu adipiscing molestie', 264);
INSERT INTO `Question` (`QuestionId`, `Title`, `Content`, `StuId`) VALUES(5, 'dapibus at diam', 'proin risus praesent lectus vestibulum quam sapien varius ut blandit non interdum in ante vestibulum ante ipsum primis in faucibus orci luctus et ultrices posuere cubilia curae duis faucibus accumsan odio curabitur convallis duis consequat dui nec nisi volutpat eleifend donec ut dolor morbi vel lectus in quam fringilla rhoncus mauris enim leo rhoncus sed vestibulum sit amet cursus id turpis integer aliquet massa id lobortis convallis tortor risus dapibus augue vel accumsan tellus nisi eu orci mauris lacinia sapien quis libero nullam sit amet turpis elementum', 264);
INSERT INTO `Question` (`QuestionId`, `Title`, `Content`, `StuId`) VALUES(6, 'primis in faucibus orci luctus et ultrices posuere cubilia curae nulla dapibus dolor vel est', 'fringilla rhoncus mauris enim leo rhoncus sed vestibulum sit amet cursus', 246);
INSERT INTO `Question` (`QuestionId`, `Title`, `Content`, `StuId`) VALUES(7, 'ligula vehicula consequat morbi', 'pede justo eu massa donec dapibus duis at velit eu est congue elementum in hac habitasse platea dictumst morbi vestibulum velit id pretium iaculis diam erat fermentum justo nec condimentum neque sapien placerat ante nulla justo aliquam quis turpis eget elit sodales scelerisque mauris sit amet eros suspendisse accumsan tortor quis turpis sed ante vivamus tortor duis mattis', 246);
INSERT INTO `Question` (`QuestionId`, `Title`, `Content`, `StuId`) VALUES(8, 'enim in tempor', 'natoque penatibus et magnis dis parturient montes nascetur ridiculus mus vivamus vestibulum sagittis sapien cum sociis natoque penatibus et magnis dis parturient montes nascetur ridiculus mus etiam vel augue vestibulum rutrum rutrum neque aenean auctor gravida sem praesent id massa id nisl venenatis lacinia aenean sit amet justo morbi ut odio cras mi pede malesuada in imperdiet et commodo vulputate justo in blandit ultrices', 253);
INSERT INTO `Question` (`QuestionId`, `Title`, `Content`, `StuId`) VALUES(9, 'non velit nec nisi', 'ut mauris eget massa tempor convallis nulla neque libero convallis eget eleifend luctus ultricies eu nibh quisque id justo sit amet sapien dignissim vestibulum vestibulum ante ipsum primis in faucibus orci luctus et ultrices posuere cubilia curae nulla dapibus dolor vel est donec odio justo sollicitudin ut suscipit a feugiat et eros vestibulum ac est lacinia nisi venenatis tristique fusce congue diam id ornare imperdiet sapien urna pretium nisl ut volutpat sapien arcu sed augue aliquam', 263);
INSERT INTO `Question` (`QuestionId`, `Title`, `Content`, `StuId`) VALUES(10, 'cursus urna ut tellus nulla ut erat', 'praesent id massa id nisl venenatis lacinia aenean sit amet justo morbi ut odio cras mi pede malesuada in imperdiet et commodo vulputate justo in blandit ultrices enim lorem ipsum dolor sit amet consectetuer adipiscing elit proin interdum mauris non ligula pellentesque ultrices phasellus id sapien in sapien iaculis congue vivamus metus arcu adipiscing molestie hendrerit at vulputate vitae nisl aenean lectus pellentesque eget nunc donec quis orci eget orci vehicula condimentum curabitur in libero ut massa volutpat convallis morbi odio odio elementum eu interdum eu tincidunt in leo maecenas pulvinar lobortis est phasellus sit amet', 263);
INSERT INTO `Question` (`QuestionId`, `Title`, `Content`, `StuId`) VALUES(11, 'placerat praesent blandit nam nulla integer pede justo lacinia eget tincidunt eget', 'gravida sem praesent id massa id nisl venenatis lacinia aenean sit amet justo morbi ut odio cras mi pede malesuada in imperdiet et commodo', 246);
INSERT INTO `Question` (`QuestionId`, `Title`, `Content`, `StuId`) VALUES(12, 'ornare imperdiet sapien urna pretium nisl ut volutpat sapien arcu sed augue aliquam erat', 'tortor id nulla ultrices aliquet maecenas leo odio condimentum id luctus nec molestie sed justo pellentesque viverra pede ac diam cras pellentesque volutpat dui maecenas tristique est et tempus semper est quam pharetra magna ac consequat metus sapien ut nunc vestibulum ante ipsum primis in faucibus orci luctus et ultrices posuere cubilia curae mauris viverra diam vitae', 256);
INSERT INTO `Question` (`QuestionId`, `Title`, `Content`, `StuId`) VALUES(13, 'donec quis orci eget orci vehicula condimentum curabitur in libero ut massa volutpat convallis morbi', 'tellus in sagittis dui vel nisl duis ac nibh fusce lacus purus aliquet at feugiat non pretium quis lectus suspendisse potenti in eleifend quam a odio in hac habitasse platea dictumst maecenas ut massa quis augue luctus tincidunt nulla mollis molestie lorem quisque ut erat curabitur', 256);
INSERT INTO `Question` (`QuestionId`, `Title`, `Content`, `StuId`) VALUES(14, 'aliquam quis turpis eget elit sodales', 'lectus in quam fringilla rhoncus mauris enim leo rhoncus sed vestibulum sit amet cursus id turpis integer aliquet massa id lobortis convallis tortor risus dapibus augue vel accumsan tellus nisi eu orci mauris lacinia sapien quis libero nullam sit amet turpis elementum ligula vehicula consequat morbi a ipsum integer a nibh in quis justo maecenas rhoncus aliquam lacus', 244);
INSERT INTO `Question` (`QuestionId`, `Title`, `Content`, `StuId`) VALUES(15, 'dolor sit amet consectetuer adipiscing', 'donec quis orci eget orci vehicula condimentum curabitur in libero ut massa volutpat convallis morbi odio odio elementum eu interdum eu tincidunt in leo maecenas pulvinar lobortis est phasellus sit amet erat nulla tempus vivamus in felis eu sapien cursus vestibulum proin eu mi nulla ac enim in tempor turpis nec euismod scelerisque quam', 243);
INSERT INTO `Question` (`QuestionId`, `Title`, `Content`, `StuId`) VALUES(16, 'in leo maecenas pulvinar lobortis', 'tempus vivamus in felis eu sapien cursus vestibulum proin eu mi nulla ac enim in tempor turpis nec euismod scelerisque quam turpis adipiscing lorem vitae mattis nibh ligula nec sem duis aliquam convallis nunc proin at turpis a pede posuere nonummy integer non velit donec diam neque vestibulum', 243);
INSERT INTO `Question` (`QuestionId`, `Title`, `Content`, `StuId`) VALUES(17, 'integer ac leo pellentesque ultrices mattis odio donec vitae nisi nam ultrices libero', 'platea dictumst aliquam augue quam sollicitudin vitae consectetuer eget rutrum at lorem integer tincidunt ante vel ipsum praesent blandit lacinia erat vestibulum sed magna at nunc commodo placerat praesent blandit nam nulla integer pede justo lacinia eget tincidunt eget tempus vel pede morbi porttitor lorem id', 251);
INSERT INTO `Question` (`QuestionId`, `Title`, `Content`, `StuId`) VALUES(18, 'vestibulum ante ipsum primis', 'aliquam quis turpis eget elit sodales scelerisque mauris sit amet eros suspendisse accumsan tortor quis turpis sed ante vivamus tortor duis mattis egestas metus aenean fermentum donec ut mauris eget massa tempor convallis nulla neque libero convallis eget eleifend luctus ultricies eu nibh quisque id justo sit amet sapien dignissim vestibulum vestibulum ante ipsum primis in faucibus orci luctus et', 251);
INSERT INTO `Question` (`QuestionId`, `Title`, `Content`, `StuId`) VALUES(19, 'vitae nisi nam ultrices libero non mattis pulvinar', 'potenti cras in purus eu magna vulputate luctus cum sociis natoque penatibus et magnis dis parturient montes nascetur ridiculus mus vivamus vestibulum sagittis sapien cum sociis natoque penatibus et magnis dis parturient montes nascetur ridiculus mus etiam vel augue vestibulum rutrum rutrum neque aenean auctor gravida sem praesent id massa id nisl venenatis lacinia aenean sit amet justo morbi ut odio cras mi pede malesuada in imperdiet et commodo vulputate justo in blandit ultrices enim lorem ipsum dolor sit amet consectetuer adipiscing elit proin interdum mauris non ligula pellentesque ultrices phasellus', 248);
INSERT INTO `Question` (`QuestionId`, `Title`, `Content`, `StuId`) VALUES(20, 'amet consectetuer adipiscing elit proin interdum mauris non ligula pellentesque ultrices phasellus id sapien', 'in felis eu sapien cursus vestibulum proin eu mi nulla ac enim in tempor turpis nec euismod scelerisque quam turpis adipiscing lorem vitae mattis nibh ligula nec sem duis aliquam convallis nunc proin at turpis a pede posuere nonummy integer non velit donec diam neque vestibulum eget vulputate ut ultrices vel augue vestibulum ante ipsum primis in faucibus orci luctus et ultrices posuere cubilia curae donec pharetra magna vestibulum aliquet ultrices erat tortor sollicitudin mi sit amet lobortis sapien sapien non mi integer ac neque duis bibendum morbi non quam nec dui luctus rutrum nulla tellus in', 263);
INSERT INTO `Question` (`QuestionId`, `Title`, `Content`, `StuId`) VALUES(21, 'morbi porttitor lorem id ligula', 'consectetuer adipiscing elit proin risus praesent lectus vestibulum quam sapien varius ut blandit non interdum in ante vestibulum ante ipsum primis in faucibus orci luctus et ultrices posuere cubilia curae duis faucibus accumsan odio curabitur convallis duis consequat dui nec nisi volutpat eleifend donec ut dolor morbi vel lectus in quam fringilla rhoncus mauris enim leo rhoncus sed vestibulum sit amet cursus id turpis integer aliquet massa id lobortis convallis tortor risus dapibus augue vel accumsan', 263);
INSERT INTO `Question` (`QuestionId`, `Title`, `Content`, `StuId`) VALUES(22, 'tempus semper est quam pharetra magna', 'bibendum felis sed interdum venenatis turpis enim blandit mi in porttitor pede justo eu massa donec dapibus duis at velit eu est congue elementum in hac habitasse platea dictumst', 263);
INSERT INTO `Question` (`QuestionId`, `Title`, `Content`, `StuId`) VALUES(23, 'quam a odio in', 'luctus et ultrices posuere cubilia curae nulla dapibus dolor vel est donec odio justo sollicitudin ut suscipit a feugiat et eros vestibulum ac est lacinia nisi venenatis tristique fusce congue diam id ornare imperdiet sapien urna pretium nisl ut volutpat sapien arcu sed augue aliquam erat volutpat in congue etiam justo etiam pretium iaculis justo in hac habitasse platea dictumst etiam faucibus cursus urna ut tellus nulla ut erat id mauris vulputate elementum nullam varius nulla facilisi cras non velit nec nisi vulputate nonummy maecenas tincidunt lacus at velit vivamus vel nulla eget eros elementum pellentesque quisque porta volutpat', 247);
INSERT INTO `Question` (`QuestionId`, `Title`, `Content`, `StuId`) VALUES(24, 'at velit vivamus vel nulla eget eros elementum pellentesque quisque porta volutpat', 'vel ipsum praesent blandit lacinia erat vestibulum sed magna at nunc commodo placerat praesent blandit nam nulla integer pede justo lacinia eget tincidunt eget tempus vel pede morbi porttitor lorem id ligula suspendisse ornare consequat lectus in est risus auctor sed tristique in tempus sit amet sem fusce consequat nulla nisl nunc nisl duis bibendum felis sed interdum', 264);
INSERT INTO `Question` (`QuestionId`, `Title`, `Content`, `StuId`) VALUES(25, 'metus arcu adipiscing molestie hendrerit at vulputate vitae', 'consequat varius integer ac leo pellentesque ultrices mattis odio donec vitae nisi nam ultrices libero non mattis pulvinar nulla pede ullamcorper augue a suscipit nulla elit ac nulla sed', 253);

--
-- Dumping data for table `FindUseful`
--

INSERT INTO `FindUseful` (`FacultyId`, `QuestionId`, `Visible`, `Answer`) VALUES(21, 11, 1, 'in ante vestibulum ante ipsum primis in faucibus orci luctus');
INSERT INTO `FindUseful` (`FacultyId`, `QuestionId`, `Visible`, `Answer`) VALUES(22, 9, 1, 'a odio in hac habitasse platea dictumst maecenas ut massa quis augue luctus tincidunt nulla mollis molestie lorem quisque ut erat curabitur gravida nisi at nibh in hac habitasse platea dictumst aliquam augue quam sollicitudin vitae consectetuer eget rutrum at lorem integer tincidunt ante vel ipsum praesent blandit lacinia erat vestibulum sed magna at nunc commodo placerat praesent blandit nam nulla integer pede justo lacinia eget tincidunt eget tempus vel pede morbi porttitor lorem id ligula suspendisse ornare consequat lectus in est risus auctor sed tristique in tempus sit amet sem fusce consequat');
INSERT INTO `FindUseful` (`FacultyId`, `QuestionId`, `Visible`, `Answer`) VALUES(22, 10, 1, 'lorem quisque ut erat curabitur gravida nisi at nibh in hac habitasse platea dictumst aliquam augue quam sollicitudin vitae consectetuer eget rutrum at lorem integer tincidunt ante vel ipsum praesent blandit lacinia erat');
INSERT INTO `FindUseful` (`FacultyId`, `QuestionId`, `Visible`, `Answer`) VALUES(24, 12, 1, 'odio consequat varius integer ac leo pellentesque ultrices mattis odio donec vitae nisi nam ultrices libero non mattis pulvinar nulla pede ullamcorper augue a suscipit nulla elit ac nulla sed vel enim sit amet nunc viverra dapibus nulla suscipit ligula in lacus curabitur at ipsum ac tellus semper');
INSERT INTO `FindUseful` (`FacultyId`, `QuestionId`, `Visible`, `Answer`) VALUES(24, 13, 1, 'massa id nisl venenatis lacinia aenean sit amet justo morbi ut odio cras mi pede malesuada in imperdiet et commodo vulputate justo in blandit ultrices enim lorem ipsum dolor sit amet consectetuer adipiscing elit proin interdum mauris non ligula pellentesque ultrices phasellus id sapien in sapien iaculis congue vivamus metus arcu adipiscing molestie hendrerit at vulputate vitae nisl aenean lectus pellentesque eget nunc donec quis orci eget orci vehicula condimentum curabitur in libero ut massa volutpat convallis morbi odio odio elementum eu interdum eu tincidunt in leo maecenas pulvinar lobortis est phasellus sit amet');
INSERT INTO `FindUseful` (`FacultyId`, `QuestionId`, `Visible`, `Answer`) VALUES(25, 6, 1, 'ac leo pellentesque ultrices mattis odio donec vitae nisi nam ultrices libero non mattis pulvinar nulla pede ullamcorper augue a suscipit nulla elit ac nulla sed vel enim sit amet nunc viverra dapibus nulla suscipit ligula');
INSERT INTO `FindUseful` (`FacultyId`, `QuestionId`, `Visible`, `Answer`) VALUES(27, 4, 1, 'fusce posuere felis sed lacus morbi sem mauris laoreet ut rhoncus aliquet pulvinar sed nisl nunc rhoncus dui vel sem sed sagittis nam congue risus semper porta volutpat quam pede lobortis ligula sit amet eleifend pede libero quis orci nullam molestie nibh in lectus pellentesque at nulla suspendisse potenti cras in purus eu magna vulputate luctus cum sociis natoque penatibus et magnis dis parturient montes nascetur ridiculus mus');
INSERT INTO `FindUseful` (`FacultyId`, `QuestionId`, `Visible`, `Answer`) VALUES(27, 5, 1, 'felis sed lacus morbi sem mauris laoreet ut rhoncus aliquet pulvinar sed nisl nunc rhoncus dui vel sem sed sagittis nam congue risus semper porta volutpat quam pede lobortis ligula sit amet eleifend pede libero quis orci nullam molestie nibh in lectus pellentesque at nulla suspendisse potenti cras in purus eu magna vulputate luctus cum sociis natoque penatibus et magnis');
INSERT INTO `FindUseful` (`FacultyId`, `QuestionId`, `Visible`, `Answer`) VALUES(28, 3, 1, 'quam turpis adipiscing lorem vitae mattis nibh ligula nec sem duis aliquam convallis nunc proin at turpis a pede posuere nonummy integer non velit donec diam neque vestibulum eget vulputate ut ultrices vel augue vestibulum ante ipsum primis in faucibus orci luctus et ultrices posuere cubilia curae donec pharetra magna vestibulum aliquet ultrices erat tortor sollicitudin mi sit amet lobortis sapien sapien non mi integer ac neque duis bibendum morbi non quam nec dui luctus');
INSERT INTO `FindUseful` (`FacultyId`, `QuestionId`, `Visible`, `Answer`) VALUES(30, 8, 1, 'turpis sed ante vivamus tortor duis mattis egestas metus aenean fermentum donec ut mauris eget massa tempor convallis nulla neque libero convallis eget eleifend luctus ultricies eu nibh quisque id justo sit amet sapien dignissim vestibulum vestibulum ante ipsum primis in faucibus orci luctus et ultrices posuere cubilia curae nulla dapibus dolor vel est donec odio justo sollicitudin ut suscipit a feugiat et eros vestibulum ac est lacinia nisi venenatis tristique fusce congue diam id ornare imperdiet sapien urna pretium nisl');
INSERT INTO `FindUseful` (`FacultyId`, `QuestionId`, `Visible`, `Answer`) VALUES(33, 7, 1, 'ultrices erat tortor sollicitudin mi sit amet lobortis sapien sapien non mi integer ac neque duis bibendum morbi non quam nec dui luctus rutrum nulla tellus in sagittis dui vel nisl duis ac nibh fusce lacus purus aliquet at feugiat non pretium quis lectus suspendisse potenti in eleifend quam a odio in hac habitasse platea dictumst maecenas ut massa quis augue');
INSERT INTO `FindUseful` (`FacultyId`, `QuestionId`, `Visible`, `Answer`) VALUES(34, 2, 1, 'sapien urna pretium nisl ut volutpat sapien arcu sed augue aliquam erat volutpat in congue etiam justo etiam');
INSERT INTO `FindUseful` (`FacultyId`, `QuestionId`, `Visible`, `Answer`) VALUES(40, 1, 1, 'eros elementum pellentesque quisque porta volutpat erat quisque erat eros viverra eget congue eget semper rutrum nulla nunc purus phasellus in felis donec semper sapien a libero nam dui proin leo odio porttitor id consequat in consequat ut nulla sed accumsan felis ut at dolor quis odio consequat');

--
-- Dumping data for table `LikeQuestion`
--

INSERT INTO `LikeQuestion` (`StuId`, `QuestionId`) VALUES(246, 6);
INSERT INTO `LikeQuestion` (`StuId`, `QuestionId`) VALUES(247, 2);
INSERT INTO `LikeQuestion` (`StuId`, `QuestionId`) VALUES(248, 3);
INSERT INTO `LikeQuestion` (`StuId`, `QuestionId`) VALUES(249, 6);
INSERT INTO `LikeQuestion` (`StuId`, `QuestionId`) VALUES(251, 2);
INSERT INTO `LikeQuestion` (`StuId`, `QuestionId`) VALUES(253, 8);
INSERT INTO `LikeQuestion` (`StuId`, `QuestionId`) VALUES(256, 3);
INSERT INTO `LikeQuestion` (`StuId`, `QuestionId`) VALUES(259, 3);
INSERT INTO `LikeQuestion` (`StuId`, `QuestionId`) VALUES(264, 4);
INSERT INTO `LikeQuestion` (`StuId`, `QuestionId`) VALUES(264, 5);
INSERT INTO `LikeQuestion` (`StuId`, `QuestionId`) VALUES(264, 8);
INSERT INTO `LikeQuestion` (`StuId`, `QuestionId`) VALUES(265, 4);
INSERT INTO `LikeQuestion` (`StuId`, `QuestionId`) VALUES(265, 5);

--
-- Dumping data for table `MaterialCompletion`
--

INSERT INTO `MaterialCompletion` (`StuId`, `MaterialId`, `Date`, `Time`) VALUES(243, 198, '2017-02-22', '20:38:00');
INSERT INTO `MaterialCompletion` (`StuId`, `MaterialId`, `Date`, `Time`) VALUES(243, 199, '2017-02-25', '09:28:00');
INSERT INTO `MaterialCompletion` (`StuId`, `MaterialId`, `Date`, `Time`) VALUES(243, 200, '2017-02-28', '14:29:00');
INSERT INTO `MaterialCompletion` (`StuId`, `MaterialId`, `Date`, `Time`) VALUES(243, 201, '2017-03-03', '10:50:00');
INSERT INTO `MaterialCompletion` (`StuId`, `MaterialId`, `Date`, `Time`) VALUES(243, 202, '2017-03-06', '15:58:00');
INSERT INTO `MaterialCompletion` (`StuId`, `MaterialId`, `Date`, `Time`) VALUES(243, 203, '2017-03-09', '01:31:00');
INSERT INTO `MaterialCompletion` (`StuId`, `MaterialId`, `Date`, `Time`) VALUES(243, 204, '2017-03-12', '01:06:00');
INSERT INTO `MaterialCompletion` (`StuId`, `MaterialId`, `Date`, `Time`) VALUES(243, 205, '2017-03-15', '20:04:00');
INSERT INTO `MaterialCompletion` (`StuId`, `MaterialId`, `Date`, `Time`) VALUES(243, 206, '2017-03-18', '21:06:00');
INSERT INTO `MaterialCompletion` (`StuId`, `MaterialId`, `Date`, `Time`) VALUES(243, 207, '2017-03-21', '04:01:00');
INSERT INTO `MaterialCompletion` (`StuId`, `MaterialId`, `Date`, `Time`) VALUES(243, 208, '2017-03-24', '22:55:00');
INSERT INTO `MaterialCompletion` (`StuId`, `MaterialId`, `Date`, `Time`) VALUES(244, 42, '2017-01-26', '08:01:00');
INSERT INTO `MaterialCompletion` (`StuId`, `MaterialId`, `Date`, `Time`) VALUES(244, 43, '2017-01-29', '03:32:00');
INSERT INTO `MaterialCompletion` (`StuId`, `MaterialId`, `Date`, `Time`) VALUES(244, 44, '2017-02-01', '03:07:00');
INSERT INTO `MaterialCompletion` (`StuId`, `MaterialId`, `Date`, `Time`) VALUES(244, 45, '2017-02-04', '23:14:00');
INSERT INTO `MaterialCompletion` (`StuId`, `MaterialId`, `Date`, `Time`) VALUES(244, 46, '2017-02-07', '10:11:00');
INSERT INTO `MaterialCompletion` (`StuId`, `MaterialId`, `Date`, `Time`) VALUES(244, 47, '2017-02-10', '03:10:00');
INSERT INTO `MaterialCompletion` (`StuId`, `MaterialId`, `Date`, `Time`) VALUES(244, 48, '2017-02-13', '09:10:00');
INSERT INTO `MaterialCompletion` (`StuId`, `MaterialId`, `Date`, `Time`) VALUES(244, 49, '2017-02-16', '00:39:00');
INSERT INTO `MaterialCompletion` (`StuId`, `MaterialId`, `Date`, `Time`) VALUES(244, 50, '2017-02-19', '19:34:00');
INSERT INTO `MaterialCompletion` (`StuId`, `MaterialId`, `Date`, `Time`) VALUES(246, 1, '2017-01-02', '05:14:00');
INSERT INTO `MaterialCompletion` (`StuId`, `MaterialId`, `Date`, `Time`) VALUES(246, 2, '2017-01-05', '07:18:00');
INSERT INTO `MaterialCompletion` (`StuId`, `MaterialId`, `Date`, `Time`) VALUES(246, 3, '2017-01-08', '13:57:00');
INSERT INTO `MaterialCompletion` (`StuId`, `MaterialId`, `Date`, `Time`) VALUES(246, 4, '2017-01-11', '00:47:00');
INSERT INTO `MaterialCompletion` (`StuId`, `MaterialId`, `Date`, `Time`) VALUES(246, 17, '2017-06-14', '09:28:00');
INSERT INTO `MaterialCompletion` (`StuId`, `MaterialId`, `Date`, `Time`) VALUES(246, 18, '2017-06-18', '02:01:00');
INSERT INTO `MaterialCompletion` (`StuId`, `MaterialId`, `Date`, `Time`) VALUES(246, 19, '2017-06-22', '08:03:00');
INSERT INTO `MaterialCompletion` (`StuId`, `MaterialId`, `Date`, `Time`) VALUES(246, 64, '2017-06-26', '14:14:00');
INSERT INTO `MaterialCompletion` (`StuId`, `MaterialId`, `Date`, `Time`) VALUES(246, 65, '2017-06-30', '03:48:00');
INSERT INTO `MaterialCompletion` (`StuId`, `MaterialId`, `Date`, `Time`) VALUES(246, 66, '2017-07-04', '00:21:00');
INSERT INTO `MaterialCompletion` (`StuId`, `MaterialId`, `Date`, `Time`) VALUES(246, 67, '2017-07-08', '06:19:00');
INSERT INTO `MaterialCompletion` (`StuId`, `MaterialId`, `Date`, `Time`) VALUES(246, 68, '2017-07-12', '17:25:00');
INSERT INTO `MaterialCompletion` (`StuId`, `MaterialId`, `Date`, `Time`) VALUES(246, 69, '2017-07-16', '23:08:00');
INSERT INTO `MaterialCompletion` (`StuId`, `MaterialId`, `Date`, `Time`) VALUES(246, 70, '2017-07-20', '03:34:00');
INSERT INTO `MaterialCompletion` (`StuId`, `MaterialId`, `Date`, `Time`) VALUES(246, 71, '2017-07-24', '19:15:00');
INSERT INTO `MaterialCompletion` (`StuId`, `MaterialId`, `Date`, `Time`) VALUES(246, 72, '2017-07-28', '05:52:00');
INSERT INTO `MaterialCompletion` (`StuId`, `MaterialId`, `Date`, `Time`) VALUES(246, 73, '2017-08-01', '20:42:00');
INSERT INTO `MaterialCompletion` (`StuId`, `MaterialId`, `Date`, `Time`) VALUES(247, 74, '2017-02-18', '05:45:00');
INSERT INTO `MaterialCompletion` (`StuId`, `MaterialId`, `Date`, `Time`) VALUES(247, 75, '2017-02-22', '17:05:00');
INSERT INTO `MaterialCompletion` (`StuId`, `MaterialId`, `Date`, `Time`) VALUES(247, 76, '2017-02-26', '00:39:00');
INSERT INTO `MaterialCompletion` (`StuId`, `MaterialId`, `Date`, `Time`) VALUES(247, 77, '2017-03-02', '07:48:00');
INSERT INTO `MaterialCompletion` (`StuId`, `MaterialId`, `Date`, `Time`) VALUES(247, 78, '2017-03-06', '08:09:00');
INSERT INTO `MaterialCompletion` (`StuId`, `MaterialId`, `Date`, `Time`) VALUES(247, 79, '2017-03-10', '00:00:00');
INSERT INTO `MaterialCompletion` (`StuId`, `MaterialId`, `Date`, `Time`) VALUES(247, 80, '2017-03-14', '20:49:00');
INSERT INTO `MaterialCompletion` (`StuId`, `MaterialId`, `Date`, `Time`) VALUES(247, 81, '2017-03-18', '21:19:00');
INSERT INTO `MaterialCompletion` (`StuId`, `MaterialId`, `Date`, `Time`) VALUES(248, 13, '2017-04-20', '00:39:00');
INSERT INTO `MaterialCompletion` (`StuId`, `MaterialId`, `Date`, `Time`) VALUES(251, 74, '2017-03-22', '18:43:00');
INSERT INTO `MaterialCompletion` (`StuId`, `MaterialId`, `Date`, `Time`) VALUES(251, 75, '2017-03-26', '18:56:00');
INSERT INTO `MaterialCompletion` (`StuId`, `MaterialId`, `Date`, `Time`) VALUES(251, 76, '2017-03-30', '00:56:00');
INSERT INTO `MaterialCompletion` (`StuId`, `MaterialId`, `Date`, `Time`) VALUES(251, 77, '2017-04-03', '02:12:00');
INSERT INTO `MaterialCompletion` (`StuId`, `MaterialId`, `Date`, `Time`) VALUES(251, 78, '2017-04-07', '02:53:00');
INSERT INTO `MaterialCompletion` (`StuId`, `MaterialId`, `Date`, `Time`) VALUES(251, 79, '2017-04-11', '10:30:00');
INSERT INTO `MaterialCompletion` (`StuId`, `MaterialId`, `Date`, `Time`) VALUES(251, 80, '2017-04-15', '04:09:00');
INSERT INTO `MaterialCompletion` (`StuId`, `MaterialId`, `Date`, `Time`) VALUES(251, 81, '2017-04-19', '19:49:00');
INSERT INTO `MaterialCompletion` (`StuId`, `MaterialId`, `Date`, `Time`) VALUES(251, 162, '2017-03-27', '16:16:00');
INSERT INTO `MaterialCompletion` (`StuId`, `MaterialId`, `Date`, `Time`) VALUES(251, 163, '2017-03-30', '21:47:00');
INSERT INTO `MaterialCompletion` (`StuId`, `MaterialId`, `Date`, `Time`) VALUES(251, 164, '2017-04-02', '09:27:00');
INSERT INTO `MaterialCompletion` (`StuId`, `MaterialId`, `Date`, `Time`) VALUES(251, 165, '2017-04-05', '20:42:00');
INSERT INTO `MaterialCompletion` (`StuId`, `MaterialId`, `Date`, `Time`) VALUES(253, 51, '2017-08-05', '07:53:00');
INSERT INTO `MaterialCompletion` (`StuId`, `MaterialId`, `Date`, `Time`) VALUES(253, 52, '2017-08-09', '15:55:00');
INSERT INTO `MaterialCompletion` (`StuId`, `MaterialId`, `Date`, `Time`) VALUES(253, 53, '2017-08-13', '09:30:00');
INSERT INTO `MaterialCompletion` (`StuId`, `MaterialId`, `Date`, `Time`) VALUES(253, 54, '2017-08-17', '00:16:00');
INSERT INTO `MaterialCompletion` (`StuId`, `MaterialId`, `Date`, `Time`) VALUES(253, 55, '2017-08-21', '21:03:00');
INSERT INTO `MaterialCompletion` (`StuId`, `MaterialId`, `Date`, `Time`) VALUES(253, 56, '2017-08-25', '18:11:00');
INSERT INTO `MaterialCompletion` (`StuId`, `MaterialId`, `Date`, `Time`) VALUES(253, 57, '2017-08-29', '11:56:00');
INSERT INTO `MaterialCompletion` (`StuId`, `MaterialId`, `Date`, `Time`) VALUES(253, 58, '2017-09-02', '13:40:00');
INSERT INTO `MaterialCompletion` (`StuId`, `MaterialId`, `Date`, `Time`) VALUES(253, 59, '2017-09-06', '00:23:00');
INSERT INTO `MaterialCompletion` (`StuId`, `MaterialId`, `Date`, `Time`) VALUES(253, 60, '2017-09-10', '06:07:00');
INSERT INTO `MaterialCompletion` (`StuId`, `MaterialId`, `Date`, `Time`) VALUES(253, 61, '2017-09-14', '01:34:00');
INSERT INTO `MaterialCompletion` (`StuId`, `MaterialId`, `Date`, `Time`) VALUES(253, 62, '2017-09-18', '08:20:00');
INSERT INTO `MaterialCompletion` (`StuId`, `MaterialId`, `Date`, `Time`) VALUES(253, 63, '2017-09-22', '04:16:00');
INSERT INTO `MaterialCompletion` (`StuId`, `MaterialId`, `Date`, `Time`) VALUES(256, 13, '2017-01-14', '16:16:00');
INSERT INTO `MaterialCompletion` (`StuId`, `MaterialId`, `Date`, `Time`) VALUES(256, 14, '2017-01-17', '21:47:00');
INSERT INTO `MaterialCompletion` (`StuId`, `MaterialId`, `Date`, `Time`) VALUES(256, 15, '2017-01-20', '09:27:00');
INSERT INTO `MaterialCompletion` (`StuId`, `MaterialId`, `Date`, `Time`) VALUES(256, 16, '2017-01-23', '20:42:00');
INSERT INTO `MaterialCompletion` (`StuId`, `MaterialId`, `Date`, `Time`) VALUES(256, 20, '2017-04-23', '19:34:00');
INSERT INTO `MaterialCompletion` (`StuId`, `MaterialId`, `Date`, `Time`) VALUES(256, 230, '2017-01-01', '13:15:00');
INSERT INTO `MaterialCompletion` (`StuId`, `MaterialId`, `Date`, `Time`) VALUES(256, 231, '2017-01-05', '15:07:00');
INSERT INTO `MaterialCompletion` (`StuId`, `MaterialId`, `Date`, `Time`) VALUES(256, 232, '2017-01-09', '18:03:00');
INSERT INTO `MaterialCompletion` (`StuId`, `MaterialId`, `Date`, `Time`) VALUES(256, 233, '2017-01-13', '05:30:00');
INSERT INTO `MaterialCompletion` (`StuId`, `MaterialId`, `Date`, `Time`) VALUES(256, 234, '2017-01-17', '05:45:00');
INSERT INTO `MaterialCompletion` (`StuId`, `MaterialId`, `Date`, `Time`) VALUES(256, 235, '2017-01-21', '15:33:00');
INSERT INTO `MaterialCompletion` (`StuId`, `MaterialId`, `Date`, `Time`) VALUES(256, 236, '2017-01-25', '18:56:00');
INSERT INTO `MaterialCompletion` (`StuId`, `MaterialId`, `Date`, `Time`) VALUES(256, 237, '2017-01-29', '23:15:00');
INSERT INTO `MaterialCompletion` (`StuId`, `MaterialId`, `Date`, `Time`) VALUES(256, 238, '2017-02-02', '22:12:00');
INSERT INTO `MaterialCompletion` (`StuId`, `MaterialId`, `Date`, `Time`) VALUES(256, 239, '2017-02-06', '09:58:00');
INSERT INTO `MaterialCompletion` (`StuId`, `MaterialId`, `Date`, `Time`) VALUES(256, 240, '2017-02-10', '06:59:00');
INSERT INTO `MaterialCompletion` (`StuId`, `MaterialId`, `Date`, `Time`) VALUES(256, 241, '2017-02-14', '15:47:00');
INSERT INTO `MaterialCompletion` (`StuId`, `MaterialId`, `Date`, `Time`) VALUES(259, 243, '2017-04-08', '08:01:00');
INSERT INTO `MaterialCompletion` (`StuId`, `MaterialId`, `Date`, `Time`) VALUES(259, 244, '2017-04-11', '03:32:00');
INSERT INTO `MaterialCompletion` (`StuId`, `MaterialId`, `Date`, `Time`) VALUES(259, 245, '2017-04-14', '03:07:00');
INSERT INTO `MaterialCompletion` (`StuId`, `MaterialId`, `Date`, `Time`) VALUES(259, 246, '2017-04-17', '23:14:00');
INSERT INTO `MaterialCompletion` (`StuId`, `MaterialId`, `Date`, `Time`) VALUES(263, 5, '2017-09-26', '13:39:00');
INSERT INTO `MaterialCompletion` (`StuId`, `MaterialId`, `Date`, `Time`) VALUES(263, 6, '2017-09-30', '20:02:00');
INSERT INTO `MaterialCompletion` (`StuId`, `MaterialId`, `Date`, `Time`) VALUES(263, 7, '2017-10-04', '10:33:00');
INSERT INTO `MaterialCompletion` (`StuId`, `MaterialId`, `Date`, `Time`) VALUES(263, 8, '2017-10-08', '16:16:00');
INSERT INTO `MaterialCompletion` (`StuId`, `MaterialId`, `Date`, `Time`) VALUES(263, 9, '2017-10-12', '04:14:00');
INSERT INTO `MaterialCompletion` (`StuId`, `MaterialId`, `Date`, `Time`) VALUES(263, 108, '2017-04-26', '20:38:00');
INSERT INTO `MaterialCompletion` (`StuId`, `MaterialId`, `Date`, `Time`) VALUES(263, 109, '2017-04-29', '09:28:00');
INSERT INTO `MaterialCompletion` (`StuId`, `MaterialId`, `Date`, `Time`) VALUES(263, 110, '2017-05-02', '14:29:00');
INSERT INTO `MaterialCompletion` (`StuId`, `MaterialId`, `Date`, `Time`) VALUES(264, 209, '2017-04-23', '18:44:00');
INSERT INTO `MaterialCompletion` (`StuId`, `MaterialId`, `Date`, `Time`) VALUES(264, 210, '2017-04-27', '05:07:00');
INSERT INTO `MaterialCompletion` (`StuId`, `MaterialId`, `Date`, `Time`) VALUES(264, 211, '2017-05-01', '16:06:00');
INSERT INTO `MaterialCompletion` (`StuId`, `MaterialId`, `Date`, `Time`) VALUES(264, 212, '2017-05-05', '09:26:00');
INSERT INTO `MaterialCompletion` (`StuId`, `MaterialId`, `Date`, `Time`) VALUES(264, 213, '2017-05-09', '23:36:00');
INSERT INTO `MaterialCompletion` (`StuId`, `MaterialId`, `Date`, `Time`) VALUES(264, 214, '2017-05-13', '08:57:00');
INSERT INTO `MaterialCompletion` (`StuId`, `MaterialId`, `Date`, `Time`) VALUES(264, 215, '2017-05-17', '16:11:00');
INSERT INTO `MaterialCompletion` (`StuId`, `MaterialId`, `Date`, `Time`) VALUES(264, 216, '2017-05-21', '10:49:00');
INSERT INTO `MaterialCompletion` (`StuId`, `MaterialId`, `Date`, `Time`) VALUES(264, 217, '2017-05-25', '19:47:00');
INSERT INTO `MaterialCompletion` (`StuId`, `MaterialId`, `Date`, `Time`) VALUES(264, 218, '2017-05-29', '05:55:00');
INSERT INTO `MaterialCompletion` (`StuId`, `MaterialId`, `Date`, `Time`) VALUES(264, 219, '2017-06-02', '04:07:00');
INSERT INTO `MaterialCompletion` (`StuId`, `MaterialId`, `Date`, `Time`) VALUES(264, 220, '2017-06-06', '05:56:00');
INSERT INTO `MaterialCompletion` (`StuId`, `MaterialId`, `Date`, `Time`) VALUES(264, 221, '2017-06-10', '19:41:00');

--
-- Dumping data for table `QuestionRelateTo`
--

INSERT INTO `QuestionRelateTo` (`QuestionId`, `MaterialId`) VALUES(1, 230);
INSERT INTO `QuestionRelateTo` (`QuestionId`, `MaterialId`) VALUES(1, 231);
INSERT INTO `QuestionRelateTo` (`QuestionId`, `MaterialId`) VALUES(2, 74);
INSERT INTO `QuestionRelateTo` (`QuestionId`, `MaterialId`) VALUES(2, 75);
INSERT INTO `QuestionRelateTo` (`QuestionId`, `MaterialId`) VALUES(3, 80);
INSERT INTO `QuestionRelateTo` (`QuestionId`, `MaterialId`) VALUES(4, 220);
INSERT INTO `QuestionRelateTo` (`QuestionId`, `MaterialId`) VALUES(5, 210);
INSERT INTO `QuestionRelateTo` (`QuestionId`, `MaterialId`) VALUES(6, 17);
INSERT INTO `QuestionRelateTo` (`QuestionId`, `MaterialId`) VALUES(7, 70);
INSERT INTO `QuestionRelateTo` (`QuestionId`, `MaterialId`) VALUES(8, 51);
INSERT INTO `QuestionRelateTo` (`QuestionId`, `MaterialId`) VALUES(8, 52);
INSERT INTO `QuestionRelateTo` (`QuestionId`, `MaterialId`) VALUES(9, 5);
INSERT INTO `QuestionRelateTo` (`QuestionId`, `MaterialId`) VALUES(10, 9);
INSERT INTO `QuestionRelateTo` (`QuestionId`, `MaterialId`) VALUES(11, 4);
INSERT INTO `QuestionRelateTo` (`QuestionId`, `MaterialId`) VALUES(12, 13);
INSERT INTO `QuestionRelateTo` (`QuestionId`, `MaterialId`) VALUES(13, 14);
INSERT INTO `QuestionRelateTo` (`QuestionId`, `MaterialId`) VALUES(14, 48);
INSERT INTO `QuestionRelateTo` (`QuestionId`, `MaterialId`) VALUES(15, 200);
INSERT INTO `QuestionRelateTo` (`QuestionId`, `MaterialId`) VALUES(16, 205);
INSERT INTO `QuestionRelateTo` (`QuestionId`, `MaterialId`) VALUES(17, 164);
INSERT INTO `QuestionRelateTo` (`QuestionId`, `MaterialId`) VALUES(18, 164);
INSERT INTO `QuestionRelateTo` (`QuestionId`, `MaterialId`) VALUES(19, 13);
INSERT INTO `QuestionRelateTo` (`QuestionId`, `MaterialId`) VALUES(20, 109);
INSERT INTO `QuestionRelateTo` (`QuestionId`, `MaterialId`) VALUES(21, 110);
INSERT INTO `QuestionRelateTo` (`QuestionId`, `MaterialId`) VALUES(22, 6);
INSERT INTO `QuestionRelateTo` (`QuestionId`, `MaterialId`) VALUES(23, 79);
INSERT INTO `QuestionRelateTo` (`QuestionId`, `MaterialId`) VALUES(24, 221);
INSERT INTO `QuestionRelateTo` (`QuestionId`, `MaterialId`) VALUES(25, 55);

COMMIT;

/*!40101 SET CHARACTER_SET_CLIENT=@OLD_CHARACTER_SET_CLIENT */;
/*!40101 SET CHARACTER_SET_RESULTS=@OLD_CHARACTER_SET_RESULTS */;
/*!40101 SET COLLATION_CONNECTION=@OLD_COLLATION_CONNECTION */;
